seed_id,pmid,target_family,status,reason,discovery_cohort,replication_cohort,matched_outcome_examples,missing_covariates,rejected_pair_reasons
39265959_age_cbsf,39265959,normative_fmri,requires_new_feature_adapter,diffusion MRI/DTI/DWI outcomes are not present in the local derivative tables.,,,,,
39265959_cbsf_cognition,39265959,normative_fmri,requires_new_feature_adapter,diffusion MRI/DTI/DWI outcomes are not present in the local derivative tables.,,,,,
39265959_visual_cbsf_visuospatial,39265959,normative_fmri,requires_new_feature_adapter,diffusion MRI/DTI/DWI outcomes are not present in the local derivative tables.,,,,,
pmid39692877_age_cerebellar_volume,39692877,normative_fmri,requires_new_feature_adapter,"cerebellar, thalamic, subcortical, or midbrain outcomes are not represented by the local FC network columns.",,,,,
pmid39692877_age_cerebellar_fc,39692877,normative_fmri,requires_new_feature_adapter,"cerebellar, thalamic, subcortical, or midbrain outcomes are not represented by the local FC network columns.",,,,,
pmid39692877_cerebellum_behavior,39692877,normative_fmri,requires_new_feature_adapter,Brain-to-behavior claims with imaging predictors and behavioral/cognitive outcomes are not executable by the current imaging-outcome CONFIRM contract.,,,,,
pmid40695794_seed1,40695794,normative_fmri,ambiguous_or_unsupported,No target-family cohort has locally prepared outcome columns matching this modality/family.,,,,,
pmid40695794_seed2,40695794,normative_fmri,ambiguous_or_unsupported,No target-family cohort has locally prepared outcome columns matching this modality/family.,,,,,
pmid40695794_seed3,40695794,normative_fmri,ambiguous_or_unsupported,No target-family cohort has locally prepared outcome columns matching this modality/family.,,,,,
26988858_aging_pfc_recruitment,26988858,normative_fmri,requires_new_feature_adapter,task-fMRI activation/connectivity is not represented by the local resting-state FC descriptors.,,,,,
26988858_aging_sensorimotor_activation,26988858,normative_fmri,requires_new_feature_adapter,task-fMRI activation/connectivity is not represented by the local resting-state FC descriptors.,,,,,
26988858_aging_self_referential_activation,26988858,normative_fmri,requires_new_feature_adapter,task-fMRI activation/connectivity is not represented by the local resting-state FC descriptors.,,,,,
pmid39013249_ifg_bilateral_semantic_task,39013249,normative_fmri,requires_new_feature_adapter,"The requested predictor/contrast is not locally executable. Stage 0 only marks seeds executable when the predictor maps to age/sex, the target diagnosis contrast, or an exact shared local column.",ABCD_DISC,HCP_Aging_REP,fc_fc_Cont_Cont;fc_fc_Cont_Cont_z;fc_fc_Cont_Cont_z_z;fc_fc_Cont_Default;fc_fc_Cont_Default_z;fc_fc_Cont_Default_z_z;fc_fc_Cont_DorsAttn;fc_fc_Cont_DorsAttn_z;fc_fc_Cont_DorsAttn_z_z;fc_fc_Cont_Limbic;fc_fc_Cont_Limbic_z;fc_fc_Cont_Limbic_z_z;fc_fc_Cont_SalVentAttn;fc_fc_Cont_SalVentAttn_z;fc_fc_Cont_SalVentAttn_z_z;fc_fc_Cont_SomMot;fc_fc_Cont_SomMot_z;fc_fc_Cont_SomMot_z_z;fc_fc_Cont_Vis;fc_fc_Cont_Vis_z;fc_fc_Cont_Vis_z_z;fc_fc_Default_Default;fc_fc_Default_Default_z;fc_fc_Default_Default_z_z;fc_fc_Default_DorsAttn,,
pmid39013249_age_ifg_vatl_semantic_fc,39013249,normative_fmri,executable_now,Local discovery and replication evidence have compatible outcome columns; unavailable optional covariates should be omitted during contract drafting.,ABCD_DISC,HCP_Aging_REP,fc_fc_Cont_Cont;fc_fc_Cont_Cont_z;fc_fc_Cont_Cont_z_z;fc_fc_Cont_Default;fc_fc_Cont_Default_z;fc_fc_Cont_Default_z_z;fc_fc_Cont_DorsAttn;fc_fc_Cont_DorsAttn_z;fc_fc_Cont_DorsAttn_z_z;fc_fc_Cont_Limbic;fc_fc_Cont_Limbic_z;fc_fc_Cont_Limbic_z_z;fc_fc_Cont_SalVentAttn;fc_fc_Cont_SalVentAttn_z;fc_fc_Cont_SalVentAttn_z_z;fc_fc_Cont_SomMot;fc_fc_Cont_SomMot_z;fc_fc_Cont_SomMot_z_z;fc_fc_Cont_Vis;fc_fc_Cont_Vis_z;fc_fc_Cont_Vis_z_z;fc_fc_Default_Default;fc_fc_Default_Default_z;fc_fc_Default_Default_z_z;fc_fc_Default_DorsAttn,task condition,
pmid39013249_semantic_dmn_decreased_fc,39013249,normative_fmri,requires_new_feature_adapter,"The requested predictor/contrast is not locally executable. Stage 0 only marks seeds executable when the predictor maps to age/sex, the target diagnosis contrast, or an exact shared local column.",ABCD_DISC,HCP_Aging_REP,fc_fc_Cont_Cont;fc_fc_Cont_Cont_z;fc_fc_Cont_Cont_z_z;fc_fc_Cont_Default;fc_fc_Cont_Default_z;fc_fc_Cont_Default_z_z;fc_fc_Cont_DorsAttn;fc_fc_Cont_DorsAttn_z;fc_fc_Cont_DorsAttn_z_z;fc_fc_Cont_Limbic;fc_fc_Cont_Limbic_z;fc_fc_Cont_Limbic_z_z;fc_fc_Cont_SalVentAttn;fc_fc_Cont_SalVentAttn_z;fc_fc_Cont_SalVentAttn_z_z;fc_fc_Cont_SomMot;fc_fc_Cont_SomMot_z;fc_fc_Cont_SomMot_z_z;fc_fc_Cont_Vis;fc_fc_Cont_Vis_z;fc_fc_Cont_Vis_z_z;fc_fc_Default_Default;fc_fc_Default_Default_z;fc_fc_Default_Default_z_z;fc_fc_Default_DorsAttn,,
pmid33038808_1,33038808,normative_fmri,requires_new_feature_adapter,graph-theory or topology metrics are not present as local FC columns.,,,,,
pmid33038808_2,33038808,normative_fmri,requires_new_feature_adapter,diffusion MRI/DTI/DWI outcomes are not present in the local derivative tables.,,,,,
pmid33038808_3,33038808,normative_fmri,requires_new_feature_adapter,graph-theory or topology predictors are not present as local scalar predictors.,,,,,
24280637_1,24280637,normative_fmri,requires_new_feature_adapter,diffusion MRI/DTI/DWI outcomes are not present in the local derivative tables.,,,,,
24280637_2,24280637,normative_fmri,ambiguous_or_unsupported,No target-family cohort has locally prepared outcome columns matching this modality/family.,,,,,
24280637_3,24280637,normative_fmri,requires_new_feature_adapter,diffusion MRI/DTI/DWI outcomes are not present in the local derivative tables.,,,,,
pmid33210446_age_taskfc_network_reductions,33210446,normative_fmri,requires_new_feature_adapter,task-fMRI activation/connectivity is not represented by the local resting-state FC descriptors.,,,,,
pmid33210446_task_domain_moderates_age_fc,33210446,normative_fmri,requires_new_feature_adapter,task-fMRI activation/connectivity is not represented by the local resting-state FC descriptors.,,,,,
pmid33210446_fc_behavior_task_performance,33210446,normative_fmri,requires_new_feature_adapter,task-fMRI activation/connectivity is not represented by the local resting-state FC descriptors.,,,,,
pmid39711366_wmh_le8,39711366,normative_fmri,requires_new_feature_adapter,No target-family cohort has locally prepared outcome columns matching this modality/family.,,,,,
pmid39711366_gm_le8,39711366,normative_fmri,requires_new_feature_adapter,No target-family cohort has locally prepared outcome columns matching this modality/family.,,,,,
pmid39711366_hippocampus_le8,39711366,normative_fmri,requires_new_feature_adapter,No target-family cohort has locally prepared outcome columns matching this modality/family.,,,,,
pmid35842101_age_ivfc_triple_networks,35842101,normative_fmri,requires_new_feature_adapter,Individual-variability FC predictors are not available as scalar predictors in the local benchmark columns.,,,,,
pmid35842101_early_ivfc_executive_externalizing,35842101,normative_fmri,requires_new_feature_adapter,Individual-variability FC predictors are not available as scalar predictors in the local benchmark columns.,,,,,
pmid35842101_midlate_ivfc_emotion_internalizing_psychosis,35842101,normative_fmri,requires_new_feature_adapter,Symptom-severity predictors are not available in the local benchmark columns.,,,,,
pmid23333262_rsfc_aging_1,23333262,normative_fmri,executable_now,Local discovery and replication evidence have compatible outcome columns; unavailable optional covariates should be omitted during contract drafting.,ABCD_DISC,HCP_Aging_REP,fc_fc_Cont_Cont;fc_fc_Cont_Cont_z;fc_fc_Cont_Cont_z_z;fc_fc_Cont_Default;fc_fc_Cont_Default_z;fc_fc_Cont_Default_z_z;fc_fc_Cont_DorsAttn;fc_fc_Cont_DorsAttn_z;fc_fc_Cont_DorsAttn_z_z;fc_fc_Cont_Limbic;fc_fc_Cont_Limbic_z;fc_fc_Cont_Limbic_z_z;fc_fc_Cont_SalVentAttn;fc_fc_Cont_SalVentAttn_z;fc_fc_Cont_SalVentAttn_z_z;fc_fc_Cont_SomMot;fc_fc_Cont_SomMot_z;fc_fc_Cont_SomMot_z_z;fc_fc_Cont_Vis;fc_fc_Cont_Vis_z;fc_fc_Cont_Vis_z_z;fc_fc_Default_Default;fc_fc_Default_Default_z;fc_fc_Default_Default_z_z;fc_fc_Default_DorsAttn,,
pmid26663386_age_cingulum_sc,26663386,normative_fmri,requires_new_feature_adapter,diffusion MRI/DTI/DWI outcomes are not present in the local derivative tables.,,,,,
pmid26663386_age_cingulum_fc,26663386,normative_fmri,executable_now,Local discovery and replication evidence have compatible outcome columns; unavailable optional covariates should be omitted during contract drafting.,ABCD_DISC,HCP_Aging_REP,fc_fc_Cont_Cont;fc_fc_Cont_Cont_z;fc_fc_Cont_Cont_z_z;fc_fc_Cont_Default;fc_fc_Cont_Default_z;fc_fc_Cont_Default_z_z;fc_fc_Cont_DorsAttn;fc_fc_Cont_DorsAttn_z;fc_fc_Cont_DorsAttn_z_z;fc_fc_Cont_Limbic;fc_fc_Cont_Limbic_z;fc_fc_Cont_Limbic_z_z;fc_fc_Cont_SalVentAttn;fc_fc_Cont_SalVentAttn_z;fc_fc_Cont_SalVentAttn_z_z;fc_fc_Cont_SomMot;fc_fc_Cont_SomMot_z;fc_fc_Cont_SomMot_z_z;fc_fc_Cont_Vis;fc_fc_Cont_Vis_z;fc_fc_Cont_Vis_z_z;fc_fc_Default_Default;fc_fc_Default_Default_z;fc_fc_Default_Default_z_z;fc_fc_Default_DorsAttn,,
pmid26663386_cingulum_sc_fc_relation,26663386,normative_fmri,requires_new_feature_adapter,diffusion MRI/DTI/DWI outcomes are not present in the local derivative tables.,,,,,
pmid35914474_aging_meg_sync_variability,35914474,normative_fmri,requires_new_feature_adapter,EEG/MEG outcomes are outside the local neuroimaging derivative tables.,,,,,
pmid35914474_aging_dmn_info_transfer,35914474,normative_fmri,requires_new_feature_adapter,EEG/MEG outcomes are outside the local neuroimaging derivative tables.,,,,,
pmid35914474_meg_connectivity_cognition,35914474,normative_fmri,requires_new_feature_adapter,EEG/MEG outcomes are outside the local neuroimaging derivative tables.,,,,,
pmid25862940_age_thalamus_structure,25862940,normative_fmri,requires_new_feature_adapter,diffusion MRI/DTI/DWI outcomes are not present in the local derivative tables.,,,,,
pmid25862940_age_anterior_posterior_thalamus,25862940,normative_fmri,requires_new_feature_adapter,diffusion MRI/DTI/DWI outcomes are not present in the local derivative tables.,,,,,
pmid25862940_age_thalamic_networks,25862940,normative_fmri,requires_new_feature_adapter,diffusion MRI/DTI/DWI outcomes are not present in the local derivative tables.,,,,,
pmid37802405_qsm_age_putamen,37802405,normative_fmri,ambiguous_or_unsupported,No target-family cohort has locally prepared outcome columns matching this modality/family.,,,,,
pmid37802405_qsm_age_cortex,37802405,normative_fmri,ambiguous_or_unsupported,No target-family cohort has locally prepared outcome columns matching this modality/family.,,,,,
pmid37802405_qsm_iron_fluid_cognition,37802405,normative_fmri,ambiguous_or_unsupported,No target-family cohort has locally prepared outcome columns matching this modality/family.,,,,,
pmid36190445_01,36190445,normative_fmri,requires_new_feature_adapter,task-fMRI activation/connectivity is not represented by the local resting-state FC descriptors.,,,,,
pmid36190445_02,36190445,normative_fmri,requires_new_feature_adapter,task-fMRI activation/connectivity is not represented by the local resting-state FC descriptors.,,,,,
pmid36190445_03,36190445,normative_fmri,requires_new_feature_adapter,task-fMRI activation/connectivity is not represented by the local resting-state FC descriptors.,,,,,
pmid40924581_menopause_hippocampal_volume,40924581,normative_fmri,requires_new_feature_adapter,No target-family cohort has locally prepared outcome columns matching this modality/family.,,,,,
pmid40924581_livebirths_total_cerebral_volume,40924581,normative_fmri,requires_new_feature_adapter,No target-family cohort has locally prepared outcome columns matching this modality/family.,,,,,
pmid29772378_crnetwork_iq,29772378,normative_fmri,requires_new_feature_adapter,task-fMRI activation/connectivity is not represented by the local resting-state FC descriptors.,,,,,
pmid29772378_crnetwork_reasoning,29772378,normative_fmri,requires_new_feature_adapter,task-fMRI activation/connectivity is not represented by the local resting-state FC descriptors.,,,,,
pmid29772378_crnetwork_moderation,29772378,normative_fmri,requires_new_feature_adapter,task-fMRI activation/connectivity is not represented by the local resting-state FC descriptors.,,,,,
pmid32721510_hbmale_fc,32721510,normative_fmri,requires_new_feature_adapter,"The requested predictor/contrast is not locally executable. Stage 0 only marks seeds executable when the predictor maps to age/sex, the target diagnosis contrast, or an exact shared local column.",ABCD_DISC,HCP_Aging_REP,fc_fc_Cont_Cont;fc_fc_Cont_Cont_z;fc_fc_Cont_Cont_z_z;fc_fc_Cont_Default;fc_fc_Cont_Default_z;fc_fc_Cont_Default_z_z;fc_fc_Cont_DorsAttn;fc_fc_Cont_DorsAttn_z;fc_fc_Cont_DorsAttn_z_z;fc_fc_Cont_Limbic;fc_fc_Cont_Limbic_z;fc_fc_Cont_Limbic_z_z;fc_fc_Cont_SalVentAttn;fc_fc_Cont_SalVentAttn_z;fc_fc_Cont_SalVentAttn_z_z;fc_fc_Cont_SomMot;fc_fc_Cont_SomMot_z;fc_fc_Cont_SomMot_z_z;fc_fc_Cont_Vis;fc_fc_Cont_Vis_z;fc_fc_Cont_Vis_z_z;fc_fc_Default_Default;fc_fc_Default_Default_z;fc_fc_Default_Default_z_z;fc_fc_Default_DorsAttn,,
pmid32721510_hbfemale_fc,32721510,normative_fmri,requires_new_feature_adapter,"The requested predictor/contrast is not locally executable. Stage 0 only marks seeds executable when the predictor maps to age/sex, the target diagnosis contrast, or an exact shared local column.",ABCD_DISC,HCP_Aging_REP,fc_fc_Cont_Cont;fc_fc_Cont_Cont_z;fc_fc_Cont_Cont_z_z;fc_fc_Cont_Default;fc_fc_Cont_Default_z;fc_fc_Cont_Default_z_z;fc_fc_Cont_DorsAttn;fc_fc_Cont_DorsAttn_z;fc_fc_Cont_DorsAttn_z_z;fc_fc_Cont_Limbic;fc_fc_Cont_Limbic_z;fc_fc_Cont_Limbic_z_z;fc_fc_Cont_SalVentAttn;fc_fc_Cont_SalVentAttn_z;fc_fc_Cont_SalVentAttn_z_z;fc_fc_Cont_SomMot;fc_fc_Cont_SomMot_z;fc_fc_Cont_SomMot_z_z;fc_fc_Cont_Vis;fc_fc_Cont_Vis_z;fc_fc_Cont_Vis_z_z;fc_fc_Default_Default;fc_fc_Default_Default_z;fc_fc_Default_Default_z_z;fc_fc_Default_DorsAttn,,
pmid32721510_hb_fc_cognition,32721510,normative_fmri,requires_new_feature_adapter,Brain-to-behavior claims with imaging predictors and behavioral/cognitive outcomes are not executable by the current imaging-outcome CONFIRM contract.,,,,,
pmid37067099_phfc_fluidreasoning,37067099,normative_fmri,requires_new_feature_adapter,Brain-to-behavior claims with imaging predictors and behavioral/cognitive outcomes are not executable by the current imaging-outcome CONFIRM contract.,,,,,
pmid37067099_phfc_vocabulary,37067099,normative_fmri,requires_new_feature_adapter,Brain-to-behavior claims with imaging predictors and behavioral/cognitive outcomes are not executable by the current imaging-outcome CONFIRM contract.,,,,,
pmid37067099_phfc_cognitivevariance,37067099,normative_fmri,requires_new_feature_adapter,graph-theory or topology predictors are not present as local scalar predictors.,,,,,
33278156_structural_adhd_vs_tdc,33278156,adhd,requires_new_feature_adapter,"cerebellar, thalamic, subcortical, or midbrain outcomes are not represented by the local FC network columns.",,,,,
33278156_fmri_rfmri_adhd_vs_controls,33278156,adhd,requires_new_feature_adapter,task-fMRI activation/connectivity is not represented by the local resting-state FC descriptors.,,,,,
pmid19393378_smri_volume_adhd_controls,19393378,adhd,requires_new_feature_adapter,No target-family cohort has locally prepared outcome columns matching this modality/family.,,,,,
pmid19393378_taskfmri_hypoactivation_adhd_controls,19393378,adhd,requires_new_feature_adapter,task-fMRI activation/connectivity is not represented by the local resting-state FC descriptors.,,,,,
pmid19393378_taskfmri_diffuse_activation_adhd_controls,19393378,adhd,requires_new_feature_adapter,task-fMRI activation/connectivity is not represented by the local resting-state FC descriptors.,,,,,
pmid34440925_adhd_fmri_nirs_neurofeedback_001,34440925,adhd,requires_new_feature_adapter,Brain-to-behavior claims with imaging predictors and behavioral/cognitive outcomes are not executable by the current imaging-outcome CONFIRM contract.,,,,,
pmid22983386_child_frontoparietal_attention_hypoactivation,22983386,adhd,requires_new_feature_adapter,task-fMRI activation/connectivity is not represented by the local resting-state FC descriptors.,,,,,
pmid22983386_adult_frontoparietal_hypoactivation,22983386,adhd,requires_new_feature_adapter,task-fMRI activation/connectivity is not represented by the local resting-state FC descriptors.,,,,,
pmid22983386_default_network_hyperactivation,22983386,adhd,requires_new_feature_adapter,task-fMRI activation/connectivity is not represented by the local resting-state FC descriptors.,,,,,
pmid32216846_adhd_vbm_vmofc_gmv,32216846,adhd,requires_new_feature_adapter,No target-family cohort has locally prepared outcome columns matching this modality/family.,,,,,
pmid32216846_adhd_asd_taskfmri_ifs_underactivation,32216846,adhd,requires_new_feature_adapter,task-fMRI activation/connectivity is not represented by the local resting-state FC descriptors.,,,,,
pmid32216846_adhd_asd_taskfmri_rai_shared,32216846,adhd,requires_new_feature_adapter,task-fMRI activation/connectivity is not represented by the local resting-state FC descriptors.,,,,,
pmid32753637_adhd_taskfmri_dmn_combo,32753637,adhd,requires_new_feature_adapter,task-fMRI activation/connectivity is not represented by the local resting-state FC descriptors.,,,,,
pmid39856610_1,39856610,adhd,executable_now,Local discovery and replication evidence have compatible outcome columns; unavailable optional covariates should be omitted during contract drafting.,ABCD_DISC,ADHD200_REP,fc_fc_Cont_Cont;fc_fc_Cont_Cont_z;fc_fc_Cont_Cont_z_z;fc_fc_Cont_Default;fc_fc_Cont_Default_z;fc_fc_Cont_Default_z_z;fc_fc_Cont_DorsAttn;fc_fc_Cont_DorsAttn_z;fc_fc_Cont_DorsAttn_z_z;fc_fc_Cont_Limbic;fc_fc_Cont_Limbic_z;fc_fc_Cont_Limbic_z_z;fc_fc_Cont_SalVentAttn;fc_fc_Cont_SalVentAttn_z;fc_fc_Cont_SalVentAttn_z_z;fc_fc_Cont_SomMot;fc_fc_Cont_SomMot_z;fc_fc_Cont_SomMot_z_z;fc_fc_Cont_Vis;fc_fc_Cont_Vis_z;fc_fc_Cont_Vis_z_z;fc_fc_Default_Default;fc_fc_Default_Default_z;fc_fc_Default_Default_z_z;fc_fc_Default_DorsAttn,,
pmid39856610_2,39856610,adhd,requires_new_feature_adapter,diffusion MRI/DTI/DWI outcomes are not present in the local derivative tables.,,,,,
pmid39856610_3,39856610,adhd,requires_new_feature_adapter,diffusion MRI/DTI/DWI outcomes are not present in the local derivative tables.,,,,,
pmid35583796_dti_cc_fa,35583796,adhd,requires_new_feature_adapter,diffusion MRI/DTI/DWI outcomes are not present in the local derivative tables.,,,,,
pmid35583796_rsfc_dmn_within,35583796,adhd,executable_now,Local discovery and replication evidence have compatible outcome columns; unavailable optional covariates should be omitted during contract drafting.,ABCD_DISC,ADHD200_REP,fc_fc_Cont_Cont;fc_fc_Cont_Cont_z;fc_fc_Cont_Cont_z_z;fc_fc_Cont_Default;fc_fc_Cont_Default_z;fc_fc_Cont_Default_z_z;fc_fc_Cont_DorsAttn;fc_fc_Cont_DorsAttn_z;fc_fc_Cont_DorsAttn_z_z;fc_fc_Cont_Limbic;fc_fc_Cont_Limbic_z;fc_fc_Cont_Limbic_z_z;fc_fc_Cont_SalVentAttn;fc_fc_Cont_SalVentAttn_z;fc_fc_Cont_SalVentAttn_z_z;fc_fc_Cont_SomMot;fc_fc_Cont_SomMot_z;fc_fc_Cont_SomMot_z_z;fc_fc_Cont_Vis;fc_fc_Cont_Vis_z;fc_fc_Cont_Vis_z_z;fc_fc_Default_Default;fc_fc_Default_Default_z;fc_fc_Default_Default_z_z;fc_fc_Default_DorsAttn,comorbidity;medication status,
pmid35583796_rsfc_dmn_control_salience,35583796,adhd,executable_now,Local discovery and replication evidence have compatible outcome columns; unavailable optional covariates should be omitted during contract drafting.,ABCD_DISC,ADHD200_REP,fc_fc_Cont_Cont;fc_fc_Cont_Cont_z;fc_fc_Cont_Cont_z_z;fc_fc_Cont_Default;fc_fc_Cont_Default_z;fc_fc_Cont_Default_z_z;fc_fc_Cont_DorsAttn;fc_fc_Cont_DorsAttn_z;fc_fc_Cont_DorsAttn_z_z;fc_fc_Cont_Limbic;fc_fc_Cont_Limbic_z;fc_fc_Cont_Limbic_z_z;fc_fc_Cont_SalVentAttn;fc_fc_Cont_SalVentAttn_z;fc_fc_Cont_SalVentAttn_z_z;fc_fc_Cont_SomMot;fc_fc_Cont_SomMot_z;fc_fc_Cont_SomMot_z_z;fc_fc_Cont_Vis;fc_fc_Cont_Vis_z;fc_fc_Cont_Vis_z_z;fc_fc_Default_Default;fc_fc_Default_Default_z;fc_fc_Default_Default_z_z;fc_fc_Default_DorsAttn,comorbidity;medication status,
pmid38367454_adhd_fpn_mse,38367454,adhd,requires_new_feature_adapter,No target-family cohort has locally prepared outcome columns matching this modality/family.,,,,,
pmid38367454_adhd_fpn_fc,38367454,adhd,requires_new_feature_adapter,"The requested predictor/contrast is not locally executable. Stage 0 only marks seeds executable when the predictor maps to age/sex, the target diagnosis contrast, or an exact shared local column.",ABCD_DISC,ADHD200_REP,fc_fc_Cont_Cont;fc_fc_Cont_Cont_z;fc_fc_Cont_Cont_z_z;fc_fc_Cont_Default;fc_fc_Cont_Default_z;fc_fc_Cont_Default_z_z;fc_fc_Cont_DorsAttn;fc_fc_Cont_DorsAttn_z;fc_fc_Cont_DorsAttn_z_z;fc_fc_Cont_Limbic;fc_fc_Cont_Limbic_z;fc_fc_Cont_Limbic_z_z;fc_fc_Cont_SalVentAttn;fc_fc_Cont_SalVentAttn_z;fc_fc_Cont_SalVentAttn_z_z;fc_fc_Cont_SomMot;fc_fc_Cont_SomMot_z;fc_fc_Cont_SomMot_z_z;fc_fc_Cont_Vis;fc_fc_Cont_Vis_z;fc_fc_Cont_Vis_z_z;fc_fc_Default_Default;fc_fc_Default_Default_z;fc_fc_Default_Default_z_z;fc_fc_Default_DorsAttn,,
pmid38367454_adhd_mse_fc_coupling,38367454,adhd,requires_new_feature_adapter,No target-family cohort has locally prepared outcome columns matching this modality/family.,,,,,
pmid38083173_adhd_dfc_pcc_networks,38083173,adhd,requires_new_feature_adapter,"dynamic, heterogeneity, or individual-variability FC metrics are not represented by the local static FC descriptors.",,,,,
pmid38083173_adhd_dfc_mpfc_networks,38083173,adhd,requires_new_feature_adapter,"dynamic, heterogeneity, or individual-variability FC metrics are not represented by the local static FC descriptors.",,,,,
pmid38083173_adhd_dfc_regional_variability,38083173,adhd,requires_new_feature_adapter,"dynamic, heterogeneity, or individual-variability FC metrics are not represented by the local static FC descriptors.",,,,,
pmid36403658_adhd_dmn_fc,36403658,adhd,executable_now,Local discovery and replication evidence have compatible outcome columns; unavailable optional covariates should be omitted during contract drafting.,ABCD_DISC,ADHD200_REP,fc_fc_Cont_Cont;fc_fc_Cont_Cont_z;fc_fc_Cont_Cont_z_z;fc_fc_Cont_Default;fc_fc_Cont_Default_z;fc_fc_Cont_Default_z_z;fc_fc_Cont_DorsAttn;fc_fc_Cont_DorsAttn_z;fc_fc_Cont_DorsAttn_z_z;fc_fc_Cont_Limbic;fc_fc_Cont_Limbic_z;fc_fc_Cont_Limbic_z_z;fc_fc_Cont_SalVentAttn;fc_fc_Cont_SalVentAttn_z;fc_fc_Cont_SalVentAttn_z_z;fc_fc_Cont_SomMot;fc_fc_Cont_SomMot_z;fc_fc_Cont_SomMot_z_z;fc_fc_Cont_Vis;fc_fc_Cont_Vis_z;fc_fc_Cont_Vis_z_z;fc_fc_Default_Default;fc_fc_Default_Default_z;fc_fc_Default_Default_z_z;fc_fc_Default_DorsAttn,ADHD comorbidity status;social phobia diagnosis,
pmid36403658_adhd_sog_topology,36403658,adhd,requires_new_feature_adapter,"The requested predictor/contrast is not locally executable. Stage 0 only marks seeds executable when the predictor maps to age/sex, the target diagnosis contrast, or an exact shared local column.",ABCD_DISC,ADHD200_REP,fc_fc_Cont_Cont;fc_fc_Cont_Cont_z;fc_fc_Cont_Cont_z_z;fc_fc_Cont_Default;fc_fc_Cont_Default_z;fc_fc_Cont_Default_z_z;fc_fc_Cont_DorsAttn;fc_fc_Cont_DorsAttn_z;fc_fc_Cont_DorsAttn_z_z;fc_fc_Cont_Limbic;fc_fc_Cont_Limbic_z;fc_fc_Cont_Limbic_z_z;fc_fc_Cont_SalVentAttn;fc_fc_Cont_SalVentAttn_z;fc_fc_Cont_SalVentAttn_z_z;fc_fc_Cont_SomMot;fc_fc_Cont_SomMot_z;fc_fc_Cont_SomMot_z_z;fc_fc_Cont_Vis;fc_fc_Cont_Vis_z;fc_fc_Cont_Vis_z_z;fc_fc_Default_Default;fc_fc_Default_Default_z;fc_fc_Default_Default_z_z;fc_fc_Default_DorsAttn,,
pmid36403658_adhd_fc_classifier,36403658,adhd,executable_now,Local discovery and replication evidence have compatible outcome columns; unavailable optional covariates should be omitted during contract drafting.,ABCD_DISC,ADHD200_REP,fc_fc_Cont_Cont;fc_fc_Cont_Cont_z;fc_fc_Cont_Cont_z_z;fc_fc_Cont_Default;fc_fc_Cont_Default_z;fc_fc_Cont_Default_z_z;fc_fc_Cont_DorsAttn;fc_fc_Cont_DorsAttn_z;fc_fc_Cont_DorsAttn_z_z;fc_fc_Cont_Limbic;fc_fc_Cont_Limbic_z;fc_fc_Cont_Limbic_z_z;fc_fc_Cont_SalVentAttn;fc_fc_Cont_SalVentAttn_z;fc_fc_Cont_SalVentAttn_z_z;fc_fc_Cont_SomMot;fc_fc_Cont_SomMot_z;fc_fc_Cont_SomMot_z_z;fc_fc_Cont_Vis;fc_fc_Cont_Vis_z;fc_fc_Cont_Vis_z_z;fc_fc_Default_Default;fc_fc_Default_Default_z;fc_fc_Default_Default_z_z;fc_fc_Default_DorsAttn,ADHD comorbidity status;group status;social phobia diagnosis,
35359026_1,35359026,adhd,executable_now,Local discovery and replication evidence have compatible outcome columns; unavailable optional covariates should be omitted during contract drafting.,ABCD_DISC,ADHD200_REP,fc_fc_Cont_Cont;fc_fc_Cont_Cont_z;fc_fc_Cont_Cont_z_z;fc_fc_Cont_Default;fc_fc_Cont_Default_z;fc_fc_Cont_Default_z_z;fc_fc_Cont_DorsAttn;fc_fc_Cont_DorsAttn_z;fc_fc_Cont_DorsAttn_z_z;fc_fc_Cont_Limbic;fc_fc_Cont_Limbic_z;fc_fc_Cont_Limbic_z_z;fc_fc_Cont_SalVentAttn;fc_fc_Cont_SalVentAttn_z;fc_fc_Cont_SalVentAttn_z_z;fc_fc_Cont_SomMot;fc_fc_Cont_SomMot_z;fc_fc_Cont_SomMot_z_z;fc_fc_Cont_Vis;fc_fc_Cont_Vis_z;fc_fc_Cont_Vis_z_z;fc_fc_Default_Default;fc_fc_Default_Default_z;fc_fc_Default_Default_z_z;fc_fc_Default_DorsAttn,,
35359026_2,35359026,adhd,requires_new_feature_adapter,No target-family cohort has locally prepared outcome columns matching this modality/family.,,,,,
35359026_3,35359026,adhd,requires_new_feature_adapter,structural-connectivity or white-matter tract outcomes need a new feature adapter.,,,,,
pmid34280835_adhd_smn-fc_01,34280835,adhd,executable_now,Local discovery and replication evidence have compatible outcome columns; unavailable optional covariates should be omitted during contract drafting.,ABCD_DISC,ADHD200_REP,fc_fc_Cont_Cont;fc_fc_Cont_Cont_z;fc_fc_Cont_Cont_z_z;fc_fc_Cont_Default;fc_fc_Cont_Default_z;fc_fc_Cont_Default_z_z;fc_fc_Cont_DorsAttn;fc_fc_Cont_DorsAttn_z;fc_fc_Cont_DorsAttn_z_z;fc_fc_Cont_Limbic;fc_fc_Cont_Limbic_z;fc_fc_Cont_Limbic_z_z;fc_fc_Cont_SalVentAttn;fc_fc_Cont_SalVentAttn_z;fc_fc_Cont_SalVentAttn_z_z;fc_fc_Cont_SomMot;fc_fc_Cont_SomMot_z;fc_fc_Cont_SomMot_z_z;fc_fc_Cont_Vis;fc_fc_Cont_Vis_z;fc_fc_Cont_Vis_z_z;fc_fc_Default_Default;fc_fc_Default_Default_z;fc_fc_Default_Default_z_z;fc_fc_Default_DorsAttn,,
pmid34280835_adhd_smn-mirroroverflow_02,34280835,adhd,requires_new_feature_adapter,"The requested predictor/contrast is not locally executable. Stage 0 only marks seeds executable when the predictor maps to age/sex, the target diagnosis contrast, or an exact shared local column.",ABCD_DISC,ADHD200_REP,fc_fc_Cont_Cont;fc_fc_Cont_Cont_z;fc_fc_Cont_Cont_z_z;fc_fc_Cont_Default;fc_fc_Cont_Default_z;fc_fc_Cont_Default_z_z;fc_fc_Cont_DorsAttn;fc_fc_Cont_DorsAttn_z;fc_fc_Cont_DorsAttn_z_z;fc_fc_Cont_Limbic;fc_fc_Cont_Limbic_z;fc_fc_Cont_Limbic_z_z;fc_fc_Cont_SalVentAttn;fc_fc_Cont_SalVentAttn_z;fc_fc_Cont_SalVentAttn_z_z;fc_fc_Cont_SomMot;fc_fc_Cont_SomMot_z;fc_fc_Cont_SomMot_z_z;fc_fc_Cont_Vis;fc_fc_Cont_Vis_z;fc_fc_Cont_Vis_z_z;fc_fc_Default_Default;fc_fc_Default_Default_z;fc_fc_Default_Default_z_z;fc_fc_Default_DorsAttn,,
pmid38038867_1,38038867,adhd,requires_new_feature_adapter,"The requested predictor/contrast is not locally executable. Stage 0 only marks seeds executable when the predictor maps to age/sex, the target diagnosis contrast, or an exact shared local column.",ABCD_DISC,ADHD200_REP,fc_fc_Cont_Cont;fc_fc_Cont_Cont_z;fc_fc_Cont_Cont_z_z;fc_fc_Cont_Default;fc_fc_Cont_Default_z;fc_fc_Cont_Default_z_z;fc_fc_Cont_DorsAttn;fc_fc_Cont_DorsAttn_z;fc_fc_Cont_DorsAttn_z_z;fc_fc_Cont_Limbic;fc_fc_Cont_Limbic_z;fc_fc_Cont_Limbic_z_z;fc_fc_Cont_SalVentAttn;fc_fc_Cont_SalVentAttn_z;fc_fc_Cont_SalVentAttn_z_z;fc_fc_Cont_SomMot;fc_fc_Cont_SomMot_z;fc_fc_Cont_SomMot_z_z;fc_fc_Cont_Vis;fc_fc_Cont_Vis_z;fc_fc_Cont_Vis_z_z;fc_fc_Default_Default;fc_fc_Default_Default_z;fc_fc_Default_Default_z_z;fc_fc_Default_DorsAttn,,
pmid38038867_2,38038867,adhd,requires_new_feature_adapter,"The requested predictor/contrast is not locally executable. Stage 0 only marks seeds executable when the predictor maps to age/sex, the target diagnosis contrast, or an exact shared local column.",ABCD_DISC,ADHD200_REP,fc_fc_Cont_Cont;fc_fc_Cont_Cont_z;fc_fc_Cont_Cont_z_z;fc_fc_Cont_Default;fc_fc_Cont_Default_z;fc_fc_Cont_Default_z_z;fc_fc_Cont_DorsAttn;fc_fc_Cont_DorsAttn_z;fc_fc_Cont_DorsAttn_z_z;fc_fc_Cont_Limbic;fc_fc_Cont_Limbic_z;fc_fc_Cont_Limbic_z_z;fc_fc_Cont_SalVentAttn;fc_fc_Cont_SalVentAttn_z;fc_fc_Cont_SalVentAttn_z_z;fc_fc_Cont_SomMot;fc_fc_Cont_SomMot_z;fc_fc_Cont_SomMot_z_z;fc_fc_Cont_Vis;fc_fc_Cont_Vis_z;fc_fc_Cont_Vis_z_z;fc_fc_Default_Default;fc_fc_Default_Default_z;fc_fc_Default_Default_z_z;fc_fc_Default_DorsAttn,,
pmid38038867_3,38038867,adhd,requires_new_feature_adapter,"The requested predictor/contrast is not locally executable. Stage 0 only marks seeds executable when the predictor maps to age/sex, the target diagnosis contrast, or an exact shared local column.",ABCD_DISC,ADHD200_REP,fc_fc_Cont_Cont;fc_fc_Cont_Cont_z;fc_fc_Cont_Cont_z_z;fc_fc_Cont_Default;fc_fc_Cont_Default_z;fc_fc_Cont_Default_z_z;fc_fc_Cont_DorsAttn;fc_fc_Cont_DorsAttn_z;fc_fc_Cont_DorsAttn_z_z;fc_fc_Cont_Limbic;fc_fc_Cont_Limbic_z;fc_fc_Cont_Limbic_z_z;fc_fc_Cont_SalVentAttn;fc_fc_Cont_SalVentAttn_z;fc_fc_Cont_SalVentAttn_z_z;fc_fc_Cont_SomMot;fc_fc_Cont_SomMot_z;fc_fc_Cont_SomMot_z_z;fc_fc_Cont_Vis;fc_fc_Cont_Vis_z;fc_fc_Cont_Vis_z_z;fc_fc_Default_Default;fc_fc_Default_Default_z;fc_fc_Default_Default_z_z;fc_fc_Default_DorsAttn,,
pmid30784139_seed1,30784139,adhd,requires_new_feature_adapter,No target-family cohort has locally prepared outcome columns matching this modality/family.,,,,,
pmid30784139_seed2,30784139,adhd,requires_new_feature_adapter,task-fMRI activation/connectivity is not represented by the local resting-state FC descriptors.,,,,,
pmid30784139_seed3,30784139,adhd,requires_new_feature_adapter,task-fMRI activation/connectivity is not represented by the local resting-state FC descriptors.,,,,,
pmid39536524_adhd_taskfc_casecontrol,39536524,adhd,requires_new_feature_adapter,task-fMRI activation/connectivity is not represented by the local resting-state FC descriptors.,,,,,
pmid39536524_wmfc_cpt_accuracy,39536524,adhd,requires_new_feature_adapter,task-fMRI activation/connectivity is not represented by the local resting-state FC descriptors.,,,,,
pmid39536524_wmtraining_connectivity,39536524,adhd,requires_new_feature_adapter,diffusion MRI/DTI/DWI outcomes are not present in the local derivative tables.,,,,,
pmid34937602_prefrontal_fc_behavioral_regulation,34937602,adhd,requires_new_feature_adapter,"The requested predictor/contrast is not locally executable. Stage 0 only marks seeds executable when the predictor maps to age/sex, the target diagnosis contrast, or an exact shared local column.",ABCD_DISC,ADHD200_REP,fc_fc_Cont_Cont;fc_fc_Cont_Cont_z;fc_fc_Cont_Cont_z_z;fc_fc_Cont_Default;fc_fc_Cont_Default_z;fc_fc_Cont_Default_z_z;fc_fc_Cont_DorsAttn;fc_fc_Cont_DorsAttn_z;fc_fc_Cont_DorsAttn_z_z;fc_fc_Cont_Limbic;fc_fc_Cont_Limbic_z;fc_fc_Cont_Limbic_z_z;fc_fc_Cont_SalVentAttn;fc_fc_Cont_SalVentAttn_z;fc_fc_Cont_SalVentAttn_z_z;fc_fc_Cont_SomMot;fc_fc_Cont_SomMot_z;fc_fc_Cont_SomMot_z_z;fc_fc_Cont_Vis;fc_fc_Cont_Vis_z;fc_fc_Cont_Vis_z_z;fc_fc_Default_Default;fc_fc_Default_Default_z;fc_fc_Default_Default_z_z;fc_fc_Default_DorsAttn,,
pmid34937602_visual_reward_fc_behavioral_regulation,34937602,adhd,requires_new_feature_adapter,"The requested predictor/contrast is not locally executable. Stage 0 only marks seeds executable when the predictor maps to age/sex, the target diagnosis contrast, or an exact shared local column.",ABCD_DISC,ADHD200_REP,fc_fc_Cont_Cont;fc_fc_Cont_Cont_z;fc_fc_Cont_Cont_z_z;fc_fc_Cont_Default;fc_fc_Cont_Default_z;fc_fc_Cont_Default_z_z;fc_fc_Cont_DorsAttn;fc_fc_Cont_DorsAttn_z;fc_fc_Cont_DorsAttn_z_z;fc_fc_Cont_Limbic;fc_fc_Cont_Limbic_z;fc_fc_Cont_Limbic_z_z;fc_fc_Cont_SalVentAttn;fc_fc_Cont_SalVentAttn_z;fc_fc_Cont_SalVentAttn_z_z;fc_fc_Cont_SomMot;fc_fc_Cont_SomMot_z;fc_fc_Cont_SomMot_z_z;fc_fc_Cont_Vis;fc_fc_Cont_Vis_z;fc_fc_Cont_Vis_z_z;fc_fc_Default_Default;fc_fc_Default_Default_z;fc_fc_Default_Default_z_z;fc_fc_Default_DorsAttn,,
pmid34937602_frontostriatal_reward_fc_behavioral_regulation,34937602,adhd,requires_new_feature_adapter,"cerebellar, thalamic, subcortical, or midbrain outcomes are not represented by the local FC network columns.",,,,,
pmid31265198_gmv_adhd_vs_tdc,31265198,adhd,requires_new_feature_adapter,No target-family cohort has locally prepared outcome columns matching this modality/family.,,,,,
pmid31265198_fc_adhd_vs_tdc,31265198,adhd,executable_now,Local discovery and replication evidence have compatible outcome columns; unavailable optional covariates should be omitted during contract drafting.,ABCD_DISC,ADHD200_REP,fc_fc_Cont_Cont;fc_fc_Cont_Cont_z;fc_fc_Cont_Cont_z_z;fc_fc_Cont_Default;fc_fc_Cont_Default_z;fc_fc_Cont_Default_z_z;fc_fc_Cont_DorsAttn;fc_fc_Cont_DorsAttn_z;fc_fc_Cont_DorsAttn_z_z;fc_fc_Cont_Limbic;fc_fc_Cont_Limbic_z;fc_fc_Cont_Limbic_z_z;fc_fc_Cont_SalVentAttn;fc_fc_Cont_SalVentAttn_z;fc_fc_Cont_SalVentAttn_z_z;fc_fc_Cont_SomMot;fc_fc_Cont_SomMot_z;fc_fc_Cont_SomMot_z_z;fc_fc_Cont_Vis;fc_fc_Cont_Vis_z;fc_fc_Cont_Vis_z_z;fc_fc_Default_Default;fc_fc_Default_Default_z;fc_fc_Default_Default_z_z;fc_fc_Default_DorsAttn,,
pmid39947841_adhd_taskfmri_hypoactivation_fpn_striatum,39947841,adhd,requires_new_feature_adapter,task-fMRI activation/connectivity is not represented by the local resting-state FC descriptors.,,,,,
pmid39947841_adhd_taskfmri_hyperactivation_occipital_declive,39947841,adhd,requires_new_feature_adapter,task-fMRI activation/connectivity is not represented by the local resting-state FC descriptors.,,,,,
pmid39947841_adhd_stimulantnaive_rightcerebrum_hypoactivation,39947841,adhd,requires_new_feature_adapter,task-fMRI activation/connectivity is not represented by the local resting-state FC descriptors.,,,,,
pmid35338900_age_fcsc,35338900,adhd,executable_now,Local discovery and replication evidence have compatible outcome columns; unavailable optional covariates should be omitted during contract drafting.,ABCD_DISC,ADHD200_REP,fc_fc_Cont_Cont;fc_fc_Cont_Cont_z;fc_fc_Cont_Cont_z_z;fc_fc_Cont_Default;fc_fc_Cont_Default_z;fc_fc_Cont_Default_z_z;fc_fc_Cont_DorsAttn;fc_fc_Cont_DorsAttn_z;fc_fc_Cont_DorsAttn_z_z;fc_fc_Cont_Limbic;fc_fc_Cont_Limbic_z;fc_fc_Cont_Limbic_z_z;fc_fc_Cont_SalVentAttn;fc_fc_Cont_SalVentAttn_z;fc_fc_Cont_SalVentAttn_z_z;fc_fc_Cont_SomMot;fc_fc_Cont_SomMot_z;fc_fc_Cont_SomMot_z_z;fc_fc_Cont_Vis;fc_fc_Cont_Vis_z;fc_fc_Cont_Vis_z_z;fc_fc_Default_Default;fc_fc_Default_Default_z;fc_fc_Default_Default_z_z;fc_fc_Default_DorsAttn,ADHD diagnosis;head motion handling;striatal subregion,
pmid35338900_boysadhd_limbicdmn,35338900,adhd,executable_now,Local discovery and replication evidence have compatible outcome columns; unavailable optional covariates should be omitted during contract drafting.,ABCD_DISC,ADHD200_REP,fc_fc_Cont_Cont;fc_fc_Cont_Cont_z;fc_fc_Cont_Cont_z_z;fc_fc_Cont_Default;fc_fc_Cont_Default_z;fc_fc_Cont_Default_z_z;fc_fc_Cont_DorsAttn;fc_fc_Cont_DorsAttn_z;fc_fc_Cont_DorsAttn_z_z;fc_fc_Cont_Limbic;fc_fc_Cont_Limbic_z;fc_fc_Cont_Limbic_z_z;fc_fc_Cont_SalVentAttn;fc_fc_Cont_SalVentAttn_z;fc_fc_Cont_SalVentAttn_z_z;fc_fc_Cont_SomMot;fc_fc_Cont_SomMot_z;fc_fc_Cont_SomMot_z_z;fc_fc_Cont_Vis;fc_fc_Cont_Vis_z;fc_fc_Cont_Vis_z_z;fc_fc_Default_Default;fc_fc_Default_Default_z;fc_fc_Default_Default_z_z;fc_fc_Default_DorsAttn,ADHD diagnosis;head motion handling;striatal subregion,
pmid35338900_inattention_motordmn,35338900,adhd,requires_new_feature_adapter,"The requested predictor/contrast is not locally executable. Stage 0 only marks seeds executable when the predictor maps to age/sex, the target diagnosis contrast, or an exact shared local column.",ABCD_DISC,ADHD200_REP,fc_fc_Cont_Cont;fc_fc_Cont_Cont_z;fc_fc_Cont_Cont_z_z;fc_fc_Cont_Default;fc_fc_Cont_Default_z;fc_fc_Cont_Default_z_z;fc_fc_Cont_DorsAttn;fc_fc_Cont_DorsAttn_z;fc_fc_Cont_DorsAttn_z_z;fc_fc_Cont_Limbic;fc_fc_Cont_Limbic_z;fc_fc_Cont_Limbic_z_z;fc_fc_Cont_SalVentAttn;fc_fc_Cont_SalVentAttn_z;fc_fc_Cont_SalVentAttn_z_z;fc_fc_Cont_SomMot;fc_fc_Cont_SomMot_z;fc_fc_Cont_SomMot_z_z;fc_fc_Cont_Vis;fc_fc_Cont_Vis_z;fc_fc_Cont_Vis_z_z;fc_fc_Default_Default;fc_fc_Default_Default_z;fc_fc_Default_Default_z_z;fc_fc_Default_DorsAttn,,
pmid39412777_asd_smri_maturation_sensorimotor,39412777,asd,requires_new_feature_adapter,No target-family cohort has locally prepared outcome columns matching this modality/family.,,,,,
pmid39412777_asd_smri_maturation_clinical,39412777,asd,requires_new_feature_adapter,No target-family cohort has locally prepared outcome columns matching this modality/family.,,,,,
pmid39412777_asd_smri_maturation_transcriptomic,39412777,asd,requires_new_feature_adapter,No target-family cohort has locally prepared outcome columns matching this modality/family.,,,,,
pmid39261969_asd_cd_01,39261969,asd,requires_new_feature_adapter,No target-family cohort has locally prepared outcome columns matching this modality/family.,,,,,
pmid39261969_asd_transmodal_cd_02,39261969,asd,requires_new_feature_adapter,No target-family cohort has locally prepared outcome columns matching this modality/family.,,,,,
pmid39261969_iq_cd_03,39261969,asd,requires_new_feature_adapter,No target-family cohort has locally prepared outcome columns matching this modality/family.,,,,,
pmid36527995_asd_taskbold_activation,36527995,asd,requires_new_feature_adapter,task-fMRI activation/connectivity is not represented by the local resting-state FC descriptors.,,,,,
pmid36527995_asd_dcm_bottomup,36527995,asd,requires_new_feature_adapter,task-fMRI activation/connectivity is not represented by the local resting-state FC descriptors.,,,,,
pmid36527995_aq_cuneus_precuneus,36527995,asd,requires_new_feature_adapter,task-fMRI activation/connectivity is not represented by the local resting-state FC descriptors.,,,,,
pmid37121277_reho_cluster1_vs_td,37121277,asd,executable_now,Local discovery and replication evidence have compatible outcome columns; unavailable optional covariates should be omitted during contract drafting.,ABIDE2_DISC,ABIDE2_REP,fc_fc_Cont_Cont;fc_fc_Cont_Cont_z;fc_fc_Cont_Cont_z_z;fc_fc_Cont_Default;fc_fc_Cont_Default_z;fc_fc_Cont_Default_z_z;fc_fc_Cont_DorsAttn;fc_fc_Cont_DorsAttn_z;fc_fc_Cont_DorsAttn_z_z;fc_fc_Cont_Limbic;fc_fc_Cont_Limbic_z;fc_fc_Cont_Limbic_z_z;fc_fc_Cont_SalVentAttn;fc_fc_Cont_SalVentAttn_z;fc_fc_Cont_SalVentAttn_z_z;fc_fc_Cont_SomMot;fc_fc_Cont_SomMot_z;fc_fc_Cont_SomMot_z_z;fc_fc_Cont_Vis;fc_fc_Cont_Vis_z;fc_fc_Cont_Vis_z_z;fc_fc_Default_Default;fc_fc_Default_Default_z;fc_fc_Default_Default_z_z;fc_fc_Default_DorsAttn,,
pmid37121277_vmhc_cluster1_vs_td,37121277,asd,executable_now,Local discovery and replication evidence have compatible outcome columns; unavailable optional covariates should be omitted during contract drafting.,ABIDE2_DISC,ABIDE2_REP,fc_fc_Cont_Cont;fc_fc_Cont_Cont_z;fc_fc_Cont_Cont_z_z;fc_fc_Cont_Default;fc_fc_Cont_Default_z;fc_fc_Cont_Default_z_z;fc_fc_Cont_DorsAttn;fc_fc_Cont_DorsAttn_z;fc_fc_Cont_DorsAttn_z_z;fc_fc_Cont_Limbic;fc_fc_Cont_Limbic_z;fc_fc_Cont_Limbic_z_z;fc_fc_Cont_SalVentAttn;fc_fc_Cont_SalVentAttn_z;fc_fc_Cont_SalVentAttn_z_z;fc_fc_Cont_SomMot;fc_fc_Cont_SomMot_z;fc_fc_Cont_SomMot_z_z;fc_fc_Cont_Vis;fc_fc_Cont_Vis_z;fc_fc_Cont_Vis_z_z;fc_fc_Default_Default;fc_fc_Default_Default_z;fc_fc_Default_Default_z_z;fc_fc_Default_DorsAttn,,
pmid37121277_mccfc_cluster2_vs_td,37121277,asd,executable_now,Local discovery and replication evidence have compatible outcome columns; unavailable optional covariates should be omitted during contract drafting.,ABIDE2_DISC,ABIDE2_REP,fc_fc_Cont_Cont;fc_fc_Cont_Cont_z;fc_fc_Cont_Cont_z_z;fc_fc_Cont_Default;fc_fc_Cont_Default_z;fc_fc_Cont_Default_z_z;fc_fc_Cont_DorsAttn;fc_fc_Cont_DorsAttn_z;fc_fc_Cont_DorsAttn_z_z;fc_fc_Cont_Limbic;fc_fc_Cont_Limbic_z;fc_fc_Cont_Limbic_z_z;fc_fc_Cont_SalVentAttn;fc_fc_Cont_SalVentAttn_z;fc_fc_Cont_SalVentAttn_z_z;fc_fc_Cont_SomMot;fc_fc_Cont_SomMot_z;fc_fc_Cont_SomMot_z_z;fc_fc_Cont_Vis;fc_fc_Cont_Vis_z;fc_fc_Cont_Vis_z_z;fc_fc_Default_Default;fc_fc_Default_Default_z;fc_fc_Default_Default_z_z;fc_fc_Default_DorsAttn,,
pmid31446358_asd_fc_socialmotivation_group,31446358,asd,requires_new_feature_adapter,"The requested predictor/contrast is not locally executable. Stage 0 only marks seeds executable when the predictor maps to age/sex, the target diagnosis contrast, or an exact shared local column.",ABIDE2_DISC,ABIDE2_REP,fc_fc_Cont_Cont;fc_fc_Cont_Cont_z;fc_fc_Cont_Cont_z_z;fc_fc_Cont_Default;fc_fc_Cont_Default_z;fc_fc_Cont_Default_z_z;fc_fc_Cont_DorsAttn;fc_fc_Cont_DorsAttn_z;fc_fc_Cont_DorsAttn_z_z;fc_fc_Cont_Limbic;fc_fc_Cont_Limbic_z;fc_fc_Cont_Limbic_z_z;fc_fc_Cont_SalVentAttn;fc_fc_Cont_SalVentAttn_z;fc_fc_Cont_SalVentAttn_z_z;fc_fc_Cont_SomMot;fc_fc_Cont_SomMot_z;fc_fc_Cont_SomMot_z_z;fc_fc_Cont_Vis;fc_fc_Cont_Vis_z;fc_fc_Cont_Vis_z_z;fc_fc_Default_Default;fc_fc_Default_Default_z;fc_fc_Default_Default_z_z;fc_fc_Default_DorsAttn,,
pmid31446358_asd_fc_svm_classification,31446358,asd,requires_new_feature_adapter,Brain-to-behavior claims with imaging predictors and behavioral/cognitive outcomes are not executable by the current imaging-outcome CONFIRM contract.,,,,,
pmid39800205_asd_aofc_amygdalahyperconnectivity,39800205,asd,requires_new_feature_adapter,"The requested predictor/contrast is not locally executable. Stage 0 only marks seeds executable when the predictor maps to age/sex, the target diagnosis contrast, or an exact shared local column.",ABIDE2_DISC,ABIDE2_REP,fc_fc_Cont_Cont;fc_fc_Cont_Cont_z;fc_fc_Cont_Cont_z_z;fc_fc_Cont_Default;fc_fc_Cont_Default_z;fc_fc_Cont_Default_z_z;fc_fc_Cont_DorsAttn;fc_fc_Cont_DorsAttn_z;fc_fc_Cont_DorsAttn_z_z;fc_fc_Cont_Limbic;fc_fc_Cont_Limbic_z;fc_fc_Cont_Limbic_z_z;fc_fc_Cont_SalVentAttn;fc_fc_Cont_SalVentAttn_z;fc_fc_Cont_SalVentAttn_z_z;fc_fc_Cont_SomMot;fc_fc_Cont_SomMot_z;fc_fc_Cont_SomMot_z_z;fc_fc_Cont_Vis;fc_fc_Cont_Vis_z;fc_fc_Cont_Vis_z_z;fc_fc_Default_Default;fc_fc_Default_Default_z;fc_fc_Default_Default_z_z;fc_fc_Default_DorsAttn,,
pmid39800205_asd_aofc_amygdalavolume,39800205,asd,requires_new_feature_adapter,No target-family cohort has locally prepared outcome columns matching this modality/family.,,,,,
pmid39800205_asd_amygdalanetworkclinical,39800205,asd,requires_new_feature_adapter,"The requested predictor/contrast is not locally executable. Stage 0 only marks seeds executable when the predictor maps to age/sex, the target diagnosis contrast, or an exact shared local column.",ABIDE2_DISC,ABIDE2_REP,fc_fc_Cont_Cont;fc_fc_Cont_Cont_z;fc_fc_Cont_Cont_z_z;fc_fc_Cont_Default;fc_fc_Cont_Default_z;fc_fc_Cont_Default_z_z;fc_fc_Cont_DorsAttn;fc_fc_Cont_DorsAttn_z;fc_fc_Cont_DorsAttn_z_z;fc_fc_Cont_Limbic;fc_fc_Cont_Limbic_z;fc_fc_Cont_Limbic_z_z;fc_fc_Cont_SalVentAttn;fc_fc_Cont_SalVentAttn_z;fc_fc_Cont_SalVentAttn_z_z;fc_fc_Cont_SomMot;fc_fc_Cont_SomMot_z;fc_fc_Cont_SomMot_z_z;fc_fc_Cont_Vis;fc_fc_Cont_Vis_z;fc_fc_Cont_Vis_z_z;fc_fc_Default_Default;fc_fc_Default_Default_z;fc_fc_Default_Default_z_z;fc_fc_Default_DorsAttn,,
pmid42141307_asd_fmri_fc_casecontrol_mixed,42141307,asd,executable_now,Local discovery and replication evidence have compatible outcome columns; unavailable optional covariates should be omitted during contract drafting.,ABIDE2_DISC,ABIDE2_REP,fc_fc_Cont_Cont;fc_fc_Cont_Cont_z;fc_fc_Cont_Cont_z_z;fc_fc_Cont_Default;fc_fc_Cont_Default_z;fc_fc_Cont_Default_z_z;fc_fc_Cont_DorsAttn;fc_fc_Cont_DorsAttn_z;fc_fc_Cont_DorsAttn_z_z;fc_fc_Cont_Limbic;fc_fc_Cont_Limbic_z;fc_fc_Cont_Limbic_z_z;fc_fc_Cont_SalVentAttn;fc_fc_Cont_SalVentAttn_z;fc_fc_Cont_SalVentAttn_z_z;fc_fc_Cont_SomMot;fc_fc_Cont_SomMot_z;fc_fc_Cont_SomMot_z_z;fc_fc_Cont_Vis;fc_fc_Cont_Vis_z;fc_fc_Cont_Vis_z_z;fc_fc_Default_Default;fc_fc_Default_Default_z;fc_fc_Default_Default_z_z;fc_fc_Default_DorsAttn,,
pmid42141307_asd_fmri_fc_hypo_hyper_subtypes,42141307,asd,requires_new_feature_adapter,"The requested predictor/contrast is not locally executable. Stage 0 only marks seeds executable when the predictor maps to age/sex, the target diagnosis contrast, or an exact shared local column.",ABIDE2_DISC,ABIDE2_REP,fc_fc_Cont_Cont;fc_fc_Cont_Cont_z;fc_fc_Cont_Cont_z_z;fc_fc_Cont_Default;fc_fc_Cont_Default_z;fc_fc_Cont_Default_z_z;fc_fc_Cont_DorsAttn;fc_fc_Cont_DorsAttn_z;fc_fc_Cont_DorsAttn_z_z;fc_fc_Cont_Limbic;fc_fc_Cont_Limbic_z;fc_fc_Cont_Limbic_z_z;fc_fc_Cont_SalVentAttn;fc_fc_Cont_SalVentAttn_z;fc_fc_Cont_SalVentAttn_z_z;fc_fc_Cont_SomMot;fc_fc_Cont_SomMot_z;fc_fc_Cont_SomMot_z_z;fc_fc_Cont_Vis;fc_fc_Cont_Vis_z;fc_fc_Cont_Vis_z_z;fc_fc_Default_Default;fc_fc_Default_Default_z;fc_fc_Default_Default_z_z;fc_fc_Default_DorsAttn,,
pmid42141307_asd_fmri_fc_subtype_network_architecture,42141307,asd,requires_new_feature_adapter,"The requested predictor/contrast is not locally executable. Stage 0 only marks seeds executable when the predictor maps to age/sex, the target diagnosis contrast, or an exact shared local column.",ABIDE2_DISC,ABIDE2_REP,fc_fc_Cont_Cont;fc_fc_Cont_Cont_z;fc_fc_Cont_Cont_z_z;fc_fc_Cont_Default;fc_fc_Cont_Default_z;fc_fc_Cont_Default_z_z;fc_fc_Cont_DorsAttn;fc_fc_Cont_DorsAttn_z;fc_fc_Cont_DorsAttn_z_z;fc_fc_Cont_Limbic;fc_fc_Cont_Limbic_z;fc_fc_Cont_Limbic_z_z;fc_fc_Cont_SalVentAttn;fc_fc_Cont_SalVentAttn_z;fc_fc_Cont_SalVentAttn_z_z;fc_fc_Cont_SomMot;fc_fc_Cont_SomMot_z;fc_fc_Cont_SomMot_z_z;fc_fc_Cont_Vis;fc_fc_Cont_Vis_z;fc_fc_Cont_Vis_z_z;fc_fc_Default_Default;fc_fc_Default_Default_z;fc_fc_Default_Default_z_z;fc_fc_Default_DorsAttn,,
pmid32472088_01,32472088,asd,requires_new_feature_adapter,task-fMRI activation/connectivity is not represented by the local resting-state FC descriptors.,,,,,
pmid32472088_02,32472088,asd,ambiguous_or_unsupported,No target-family cohort has locally prepared outcome columns matching this modality/family.,,,,,
pmid32472088_03,32472088,asd,requires_new_feature_adapter,task-fMRI activation/connectivity is not represented by the local resting-state FC descriptors.,,,,,
34264028-1,34264028,asd,executable_now,Local discovery and replication evidence have compatible outcome columns; unavailable optional covariates should be omitted during contract drafting.,ABIDE2_DISC,ABIDE2_REP,fc_fc_Cont_Cont;fc_fc_Cont_Cont_z;fc_fc_Cont_Cont_z_z;fc_fc_Cont_Default;fc_fc_Cont_Default_z;fc_fc_Cont_Default_z_z;fc_fc_Cont_DorsAttn;fc_fc_Cont_DorsAttn_z;fc_fc_Cont_DorsAttn_z_z;fc_fc_Cont_Limbic;fc_fc_Cont_Limbic_z;fc_fc_Cont_Limbic_z_z;fc_fc_Cont_SalVentAttn;fc_fc_Cont_SalVentAttn_z;fc_fc_Cont_SalVentAttn_z_z;fc_fc_Cont_SomMot;fc_fc_Cont_SomMot_z;fc_fc_Cont_SomMot_z_z;fc_fc_Cont_Vis;fc_fc_Cont_Vis_z;fc_fc_Cont_Vis_z_z;fc_fc_Default_Default;fc_fc_Default_Default_z;fc_fc_Default_Default_z_z;fc_fc_Default_DorsAttn,head motion,
34264028-2,34264028,asd,requires_new_feature_adapter,Symptom-severity predictors are not available in the local benchmark columns.,,,,,
pmid38340881_asd_structural_asymmetry_1,38340881,asd,requires_new_feature_adapter,diffusion MRI/DTI/DWI outcomes are not present in the local derivative tables.,,,,,
pmid38340881_asd_network_efficiency_2,38340881,asd,requires_new_feature_adapter,diffusion MRI/DTI/DWI outcomes are not present in the local derivative tables.,,,,,
pmid38340881_asd_symptom_prediction_3,38340881,asd,requires_new_feature_adapter,diffusion MRI/DTI/DWI outcomes are not present in the local derivative tables.,,,,,
pmid15666334_asd_erp_attention,15666334,asd,requires_new_feature_adapter,EEG/MEG outcomes are outside the local neuroimaging derivative tables.,,,,,
pmid40468437_asd_smri_subgroups_morphometrics,40468437,asd,requires_new_feature_adapter,No target-family cohort has locally prepared outcome columns matching this modality/family.,,,,,
pmid40468437_asd_adhd_transdiagnostic_smri,40468437,asd,requires_new_feature_adapter,No target-family cohort has locally prepared outcome columns matching this modality/family.,,,,,
pmid40468437_asd_method_feature_subgroups,40468437,asd,requires_new_feature_adapter,No target-family cohort has locally prepared outcome columns matching this modality/family.,,,,,
pmid30603063_1,30603063,asd,requires_new_feature_adapter,"The requested predictor/contrast is not locally executable. Stage 0 only marks seeds executable when the predictor maps to age/sex, the target diagnosis contrast, or an exact shared local column.",ABIDE2_DISC,ABIDE2_REP,fc_fc_Cont_Cont;fc_fc_Cont_Cont_z;fc_fc_Cont_Cont_z_z;fc_fc_Cont_Default;fc_fc_Cont_Default_z;fc_fc_Cont_Default_z_z;fc_fc_Cont_DorsAttn;fc_fc_Cont_DorsAttn_z;fc_fc_Cont_DorsAttn_z_z;fc_fc_Cont_Limbic;fc_fc_Cont_Limbic_z;fc_fc_Cont_Limbic_z_z;fc_fc_Cont_SalVentAttn;fc_fc_Cont_SalVentAttn_z;fc_fc_Cont_SalVentAttn_z_z;fc_fc_Cont_SomMot;fc_fc_Cont_SomMot_z;fc_fc_Cont_SomMot_z_z;fc_fc_Cont_Vis;fc_fc_Cont_Vis_z;fc_fc_Cont_Vis_z_z;fc_fc_Default_Default;fc_fc_Default_Default_z;fc_fc_Default_Default_z_z;fc_fc_Default_DorsAttn,,
pmid30603063_2,30603063,asd,requires_new_feature_adapter,"The requested predictor/contrast is not locally executable. Stage 0 only marks seeds executable when the predictor maps to age/sex, the target diagnosis contrast, or an exact shared local column.",ABIDE2_DISC,ABIDE2_REP,fc_fc_Cont_Cont;fc_fc_Cont_Cont_z;fc_fc_Cont_Cont_z_z;fc_fc_Cont_Default;fc_fc_Cont_Default_z;fc_fc_Cont_Default_z_z;fc_fc_Cont_DorsAttn;fc_fc_Cont_DorsAttn_z;fc_fc_Cont_DorsAttn_z_z;fc_fc_Cont_Limbic;fc_fc_Cont_Limbic_z;fc_fc_Cont_Limbic_z_z;fc_fc_Cont_SalVentAttn;fc_fc_Cont_SalVentAttn_z;fc_fc_Cont_SalVentAttn_z_z;fc_fc_Cont_SomMot;fc_fc_Cont_SomMot_z;fc_fc_Cont_SomMot_z_z;fc_fc_Cont_Vis;fc_fc_Cont_Vis_z;fc_fc_Cont_Vis_z_z;fc_fc_Default_Default;fc_fc_Default_Default_z;fc_fc_Default_Default_z_z;fc_fc_Default_DorsAttn,,
pmid30603063_3,30603063,asd,requires_new_feature_adapter,"The requested predictor/contrast is not locally executable. Stage 0 only marks seeds executable when the predictor maps to age/sex, the target diagnosis contrast, or an exact shared local column.",ABIDE2_DISC,ABIDE2_REP,fc_fc_Cont_Cont;fc_fc_Cont_Cont_z;fc_fc_Cont_Cont_z_z;fc_fc_Cont_Default;fc_fc_Cont_Default_z;fc_fc_Cont_Default_z_z;fc_fc_Cont_DorsAttn;fc_fc_Cont_DorsAttn_z;fc_fc_Cont_DorsAttn_z_z;fc_fc_Cont_Limbic;fc_fc_Cont_Limbic_z;fc_fc_Cont_Limbic_z_z;fc_fc_Cont_SalVentAttn;fc_fc_Cont_SalVentAttn_z;fc_fc_Cont_SalVentAttn_z_z;fc_fc_Cont_SomMot;fc_fc_Cont_SomMot_z;fc_fc_Cont_SomMot_z_z;fc_fc_Cont_Vis;fc_fc_Cont_Vis_z;fc_fc_Cont_Vis_z_z;fc_fc_Default_Default;fc_fc_Default_Default_z;fc_fc_Default_Default_z_z;fc_fc_Default_DorsAttn,,
pmid37741308_asd_fc_groupdiff,37741308,asd,executable_now,Local discovery and replication evidence have compatible outcome columns; unavailable optional covariates should be omitted during contract drafting.,ABIDE2_DISC,ABIDE2_REP,fc_fc_Cont_Cont;fc_fc_Cont_Cont_z;fc_fc_Cont_Cont_z_z;fc_fc_Cont_Default;fc_fc_Cont_Default_z;fc_fc_Cont_Default_z_z;fc_fc_Cont_DorsAttn;fc_fc_Cont_DorsAttn_z;fc_fc_Cont_DorsAttn_z_z;fc_fc_Cont_Limbic;fc_fc_Cont_Limbic_z;fc_fc_Cont_Limbic_z_z;fc_fc_Cont_SalVentAttn;fc_fc_Cont_SalVentAttn_z;fc_fc_Cont_SalVentAttn_z_z;fc_fc_Cont_SomMot;fc_fc_Cont_SomMot_z;fc_fc_Cont_SomMot_z_z;fc_fc_Cont_Vis;fc_fc_Cont_Vis_z;fc_fc_Cont_Vis_z_z;fc_fc_Default_Default;fc_fc_Default_Default_z;fc_fc_Default_Default_z_z;fc_fc_Default_DorsAttn,,
pmid37741308_asd_dmn_individualspecificafc_symptoms,37741308,asd,requires_new_feature_adapter,Symptom-severity predictors are not available in the local benchmark columns.,,,,,
pmid37741308_asd_con_individualspecificafc_symptoms,37741308,asd,requires_new_feature_adapter,Symptom-severity predictors are not available in the local benchmark columns.,,,,,
pmid30593420_igf1_connectivity_asd,30593420,asd,requires_new_feature_adapter,"The requested predictor/contrast is not locally executable. Stage 0 only marks seeds executable when the predictor maps to age/sex, the target diagnosis contrast, or an exact shared local column.",ABIDE2_DISC,ABIDE2_REP,fc_fc_Cont_Cont;fc_fc_Cont_Cont_z;fc_fc_Cont_Cont_z_z;fc_fc_Cont_Default;fc_fc_Cont_Default_z;fc_fc_Cont_Default_z_z;fc_fc_Cont_DorsAttn;fc_fc_Cont_DorsAttn_z;fc_fc_Cont_DorsAttn_z_z;fc_fc_Cont_Limbic;fc_fc_Cont_Limbic_z;fc_fc_Cont_Limbic_z_z;fc_fc_Cont_SalVentAttn;fc_fc_Cont_SalVentAttn_z;fc_fc_Cont_SalVentAttn_z_z;fc_fc_Cont_SomMot;fc_fc_Cont_SomMot_z;fc_fc_Cont_SomMot_z_z;fc_fc_Cont_Vis;fc_fc_Cont_Vis_z;fc_fc_Cont_Vis_z_z;fc_fc_Default_Default;fc_fc_Default_Default_z;fc_fc_Default_Default_z_z;fc_fc_Default_DorsAttn,,
pmid35822559_asd_fcoptimalfrequency_groupdifference,35822559,asd,requires_new_feature_adapter,No target-family cohort has locally prepared outcome columns matching this modality/family.,,,,,
pmid35822559_asd_fcoptimalfrequency_socialcommunication,35822559,asd,requires_new_feature_adapter,No target-family cohort has locally prepared outcome columns matching this modality/family.,,,,,
pmid35822559_asd_fcoptimalfrequency_geneexpression,35822559,asd,requires_new_feature_adapter,No target-family cohort has locally prepared outcome columns matching this modality/family.,,,,,
pmid39527738_mlgn_bold_asd_vs_controls,39527738,asd,requires_new_feature_adapter,task-fMRI activation/connectivity is not represented by the local resting-state FC descriptors.,,,,,
pmid39527738_plgn_bold_asd_vs_controls,39527738,asd,requires_new_feature_adapter,task-fMRI activation/connectivity is not represented by the local resting-state FC descriptors.,,,,,
pmid39527738_mlgn_bold_stimulus_specificity,39527738,asd,requires_new_feature_adapter,task-fMRI activation/connectivity is not represented by the local resting-state FC descriptors.,,,,,
pmid28040544_asd_fc_kea_corticalnetworks,28040544,asd,executable_now,Local discovery and replication evidence have compatible outcome columns; unavailable optional covariates should be omitted during contract drafting.,ABIDE2_DISC,ABIDE2_REP,fc_fc_Cont_Cont;fc_fc_Cont_Cont_z;fc_fc_Cont_Cont_z_z;fc_fc_Cont_Default;fc_fc_Cont_Default_z;fc_fc_Cont_Default_z_z;fc_fc_Cont_DorsAttn;fc_fc_Cont_DorsAttn_z;fc_fc_Cont_DorsAttn_z_z;fc_fc_Cont_Limbic;fc_fc_Cont_Limbic_z;fc_fc_Cont_Limbic_z_z;fc_fc_Cont_SalVentAttn;fc_fc_Cont_SalVentAttn_z;fc_fc_Cont_SalVentAttn_z_z;fc_fc_Cont_SomMot;fc_fc_Cont_SomMot_z;fc_fc_Cont_SomMot_z_z;fc_fc_Cont_Vis;fc_fc_Cont_Vis_z;fc_fc_Cont_Vis_z_z;fc_fc_Default_Default;fc_fc_Default_Default_z;fc_fc_Default_Default_z_z;fc_fc_Default_DorsAttn,,
pmid28040544_asd_severity_fc_decreases,28040544,asd,requires_new_feature_adapter,Symptom-severity predictors are not available in the local benchmark columns.,,,,,
pmid28040544_asd_fc_selffacetom,28040544,asd,executable_now,Local discovery and replication evidence have compatible outcome columns; unavailable optional covariates should be omitted during contract drafting.,ABIDE2_DISC,ABIDE2_REP,fc_fc_Cont_Cont;fc_fc_Cont_Cont_z;fc_fc_Cont_Cont_z_z;fc_fc_Cont_Default;fc_fc_Cont_Default_z;fc_fc_Cont_Default_z_z;fc_fc_Cont_DorsAttn;fc_fc_Cont_DorsAttn_z;fc_fc_Cont_DorsAttn_z_z;fc_fc_Cont_Limbic;fc_fc_Cont_Limbic_z;fc_fc_Cont_Limbic_z_z;fc_fc_Cont_SalVentAttn;fc_fc_Cont_SalVentAttn_z;fc_fc_Cont_SalVentAttn_z_z;fc_fc_Cont_SomMot;fc_fc_Cont_SomMot_z;fc_fc_Cont_SomMot_z_z;fc_fc_Cont_Vis;fc_fc_Cont_Vis_z;fc_fc_Cont_Vis_z_z;fc_fc_Default_Default;fc_fc_Default_Default_z;fc_fc_Default_Default_z_z;fc_fc_Default_DorsAttn,,
pmid15652316_asd_taskfmri_lateralization,15652316,asd,requires_new_feature_adapter,task-fMRI activation/connectivity is not represented by the local resting-state FC descriptors.,,,,,
pmid15652316_asd_taskfmri_posterioractivation,15652316,asd,requires_new_feature_adapter,task-fMRI activation/connectivity is not represented by the local resting-state FC descriptors.,,,,,
pmid15652316_asd_taskfc_prefrontalparietal,15652316,asd,requires_new_feature_adapter,task-fMRI activation/connectivity is not represented by the local resting-state FC descriptors.,,,,,
pmid30833582_asd_hierarchy_differentiation,30833582,asd,requires_new_feature_adapter,No target-family cohort has locally prepared outcome columns matching this modality/family.,,,,,
pmid30833582_asd_stepwise_connectivity,30833582,asd,executable_now,Local discovery and replication evidence have compatible outcome columns; unavailable optional covariates should be omitted during contract drafting.,ABIDE2_DISC,ABIDE2_REP,fc_fc_Cont_Cont;fc_fc_Cont_Cont_z;fc_fc_Cont_Cont_z_z;fc_fc_Cont_Default;fc_fc_Cont_Default_z;fc_fc_Cont_Default_z_z;fc_fc_Cont_DorsAttn;fc_fc_Cont_DorsAttn_z;fc_fc_Cont_DorsAttn_z_z;fc_fc_Cont_Limbic;fc_fc_Cont_Limbic_z;fc_fc_Cont_Limbic_z_z;fc_fc_Cont_SalVentAttn;fc_fc_Cont_SalVentAttn_z;fc_fc_Cont_SalVentAttn_z_z;fc_fc_Cont_SomMot;fc_fc_Cont_SomMot_z;fc_fc_Cont_SomMot_z_z;fc_fc_Cont_Vis;fc_fc_Cont_Vis_z;fc_fc_Cont_Vis_z_z;fc_fc_Default_Default;fc_fc_Default_Default_z;fc_fc_Default_Default_z_z;fc_fc_Default_DorsAttn,,
pmid30833582_asd_hierarchy_symptoms,30833582,asd,requires_new_feature_adapter,No target-family cohort has locally prepared outcome columns matching this modality/family.,,,,,
pmid26827786_ad_hippocampal_volumetry,26827786,ad_aging,requires_new_feature_adapter,"The requested predictor/contrast is not locally executable. Stage 0 only marks seeds executable when the predictor maps to age/sex, the target diagnosis contrast, or an exact shared local column.",ADNI_DISC,OASIS3_REP,smri_hippocampus,,
pmid26827786_ad_cortical_atrophy_progression,26827786,ad_aging,requires_new_feature_adapter,No target-family cohort has locally prepared outcome columns matching this modality/family.,,,,,
pmid26827786_ad_white_matter_tracts,26827786,ad_aging,ambiguous_or_unsupported,No target-family cohort has locally prepared outcome columns matching this modality/family.,,,,,
pmid38278517_periodontitis_entorhinal_volume,38278517,ad_aging,requires_new_feature_adapter,"The requested predictor/contrast is not locally executable. Stage 0 only marks seeds executable when the predictor maps to age/sex, the target diagnosis contrast, or an exact shared local column.",ADNI_DISC,OASIS3_REP,smri_entorhinal,,
pmid38278517_periodontitis_cortical_thickness,38278517,ad_aging,requires_new_feature_adapter,No target-family cohort has locally prepared outcome columns matching this modality/family.,,,,,
pmid38278517_teeth_cerebrovascular_mri,38278517,ad_aging,requires_new_feature_adapter,"The requested predictor/contrast is not locally executable. Stage 0 only marks seeds executable when the predictor maps to age/sex, the target diagnosis contrast, or an exact shared local column.",ADNI_DISC,OASIS3_REP,smri_entorhinal;smri_fusiform;smri_hippocampus;smri_midtemp;smri_ventricles;smri_wholebrain,,
pmid1431963_mta_ad_vs_controls,1431963,ad_aging,executable_now,Local discovery and replication evidence have compatible outcome columns; unavailable optional covariates should be omitted during contract drafting.,ADNI_DISC,OASIS3_REP,smri_entorhinal;smri_fusiform;smri_hippocampus;smri_midtemp;smri_ventricles;smri_wholebrain,,
pmid1431963_mtl_linear_ad_vs_controls,1431963,ad_aging,executable_now,Local discovery and replication evidence have compatible outcome columns; unavailable optional covariates should be omitted during contract drafting.,ADNI_DISC,OASIS3_REP,smri_entorhinal;smri_fusiform;smri_hippocampus;smri_midtemp;smri_ventricles;smri_wholebrain,,
pmid1431963_mta_cognition_memory,1431963,ad_aging,ambiguous_or_unsupported,No target-family cohort has locally prepared outcome columns matching this modality/family.,,,,,
1817028-ct-age-leukoaraiosis,1817028,ad_aging,ambiguous_or_unsupported,No target-family cohort has locally prepared outcome columns matching this modality/family.,,,,,
1817028-ct-vascular-leukoaraiosis,1817028,ad_aging,ambiguous_or_unsupported,No target-family cohort has locally prepared outcome columns matching this modality/family.,,,,,
1817028-ad-controls-leukoaraiosis,1817028,ad_aging,ambiguous_or_unsupported,No target-family cohort has locally prepared outcome columns matching this modality/family.,,,,,
pmid40513084_fw_limbic_memory_performance,40513084,ad_aging,requires_new_feature_adapter,Brain-to-behavior claims with imaging predictors and behavioral/cognitive outcomes are not executable by the current imaging-outcome CONFIRM contract.,,,,,
pmid40513084_fw_limbic_memory_decline,40513084,ad_aging,requires_new_feature_adapter,Brain-to-behavior claims with imaging predictors and behavioral/cognitive outcomes are not executable by the current imaging-outcome CONFIRM contract.,,,,,
pmid40513084_fw_ad_biomarker_interactions,40513084,ad_aging,requires_new_feature_adapter,CSF/amyloid/tau/TDP-43 predictors are not available in the local benchmark columns.,,,,,
pmid21729419_1,21729419,ad_aging,executable_now,Local discovery and replication evidence have compatible outcome columns; unavailable optional covariates should be omitted during contract drafting.,ADNI_DISC,OASIS3_REP,smri_entorhinal;smri_fusiform;smri_hippocampus;smri_midtemp;smri_ventricles;smri_wholebrain,,
pmid21729419_2,21729419,ad_aging,executable_now,Local discovery and replication evidence have compatible outcome columns; unavailable optional covariates should be omitted during contract drafting.,ADNI_DISC,OASIS3_REP,smri_hippocampus,,
pmid21729419_3,21729419,ad_aging,requires_new_feature_adapter,"lesion, microbleed, and white-matter-hyperintensity outcomes are not present in the local derivative tables.",,,,,
pmid40042460_csvd_retiphenoage,40042460,ad_aging,ambiguous_or_unsupported,No target-family cohort has locally prepared outcome columns matching this modality/family.,,,,,
pmid40042460_atrophy_retiphenoage,40042460,ad_aging,requires_new_feature_adapter,"The requested predictor/contrast is not locally executable. Stage 0 only marks seeds executable when the predictor maps to age/sex, the target diagnosis contrast, or an exact shared local column.",ADNI_DISC,OASIS3_REP,smri_entorhinal;smri_fusiform;smri_hippocampus;smri_midtemp;smri_ventricles;smri_wholebrain,,
pmid17413023_ad_cortical_atrophy,17413023,ad_aging,requires_new_feature_adapter,No target-family cohort has locally prepared outcome columns matching this modality/family.,,,,,
pmid17413023_atrophy_cognition,17413023,ad_aging,requires_new_feature_adapter,"The requested predictor/contrast is not locally executable. Stage 0 only marks seeds executable when the predictor maps to age/sex, the target diagnosis contrast, or an exact shared local column.",ADNI_DISC,OASIS3_REP,smri_entorhinal;smri_fusiform;smri_hippocampus;smri_midtemp;smri_ventricles;smri_wholebrain,,
pmid17413023_ad_mci_hippocampal_shape,17413023,ad_aging,requires_new_feature_adapter,"The requested predictor/contrast is not locally executable. Stage 0 only marks seeds executable when the predictor maps to age/sex, the target diagnosis contrast, or an exact shared local column.",ADNI_DISC,OASIS3_REP,smri_hippocampus,,
40595015_1,40595015,ad_aging,requires_new_feature_adapter,Brain-to-behavior claims with imaging predictors and behavioral/cognitive outcomes are not executable by the current imaging-outcome CONFIRM contract.,,,,,
40595015_2,40595015,ad_aging,requires_new_feature_adapter,"The requested predictor/contrast is not locally executable. Stage 0 only marks seeds executable when the predictor maps to age/sex, the target diagnosis contrast, or an exact shared local column.",ADNI_DISC,OASIS3_REP,smri_entorhinal;smri_fusiform;smri_hippocampus;smri_midtemp;smri_ventricles;smri_wholebrain,,
40595015_3,40595015,ad_aging,ambiguous_or_unsupported,No target-family cohort has locally prepared outcome columns matching this modality/family.,,,,,
pmid40357887_1,40357887,ad_aging,requires_new_feature_adapter,"The requested predictor/contrast is not locally executable. Stage 0 only marks seeds executable when the predictor maps to age/sex, the target diagnosis contrast, or an exact shared local column.",ADNI_DISC,OASIS3_REP,smri_entorhinal;smri_fusiform;smri_hippocampus;smri_midtemp;smri_ventricles;smri_wholebrain,,
pmid40357887_2,40357887,ad_aging,requires_new_feature_adapter,"The requested predictor/contrast is not locally executable. Stage 0 only marks seeds executable when the predictor maps to age/sex, the target diagnosis contrast, or an exact shared local column.",ADNI_DISC,OASIS3_REP,smri_hippocampus,,
pmid40357887_3,40357887,ad_aging,requires_new_feature_adapter,genetic predictors are not available in the local benchmark columns.,,,,,
pmid26306871_ca1_earlyad_smri,26306871,ad_aging,executable_now,Local discovery and replication evidence have compatible outcome columns; unavailable optional covariates should be omitted during contract drafting.,ADNI_DISC,OASIS3_REP,smri_hippocampus,disease stage;segmentation protocol,
pmid26306871_widespread_dementiaad_smri,26306871,ad_aging,executable_now,Local discovery and replication evidence have compatible outcome columns; unavailable optional covariates should be omitted during contract drafting.,ADNI_DISC,OASIS3_REP,smri_hippocampus,disease stage;segmentation protocol,
pmid26306871_subfield_mci_diagnostic_smri,26306871,ad_aging,requires_new_feature_adapter,"The requested predictor/contrast is not locally executable. Stage 0 only marks seeds executable when the predictor maps to age/sex, the target diagnosis contrast, or an exact shared local column.",ADNI_DISC,OASIS3_REP,smri_hippocampus,,
pmid35388950_ad_havas_detection,35388950,ad_aging,executable_now,Local discovery and replication evidence have compatible outcome columns; unavailable optional covariates should be omitted during contract drafting.,ADNI_DISC,OASIS3_REP,smri_entorhinal;smri_fusiform;smri_hippocampus;smri_midtemp;smri_ventricles;smri_wholebrain,age or lifespan trajectory,
pmid35388950_mci_havas_progression,35388950,ad_aging,requires_new_feature_adapter,"The requested predictor/contrast is not locally executable. Stage 0 only marks seeds executable when the predictor maps to age/sex, the target diagnosis contrast, or an exact shared local column.",ADNI_DISC,OASIS3_REP,smri_entorhinal;smri_fusiform;smri_hippocampus;smri_midtemp;smri_ventricles;smri_wholebrain,,
pmid35388950_ad_hav_volumes,35388950,ad_aging,executable_now,Local discovery and replication evidence have compatible outcome columns; unavailable optional covariates should be omitted during contract drafting.,ADNI_DISC,OASIS3_REP,smri_entorhinal;smri_fusiform;smri_hippocampus;smri_midtemp;smri_ventricles;smri_wholebrain,age or lifespan trajectory,
pmid15683953_hs_mri_001,15683953,ad_aging,requires_new_feature_adapter,"The requested predictor/contrast is not locally executable. Stage 0 only marks seeds executable when the predictor maps to age/sex, the target diagnosis contrast, or an exact shared local column.",ADNI_DISC,OASIS3_REP,smri_hippocampus,,
pmid32726311_dg_aging,32726311,ad_aging,executable_now,Local discovery and replication evidence have compatible outcome columns; unavailable optional covariates should be omitted during contract drafting.,ADNI_DISC,OASIS3_REP,smri_hippocampus,Alzheimer's disease biomarker status or exclusion;cognitive status,
pmid32726311_ent_resistance,32726311,ad_aging,executable_now,Local discovery and replication evidence have compatible outcome columns; unavailable optional covariates should be omitted during contract drafting.,ADNI_DISC,OASIS3_REP,smri_entorhinal,Alzheimer's disease biomarker status or exclusion;cognitive status,
pmid32726311_ifg_frontal_aging,32726311,ad_aging,executable_now,Local discovery and replication evidence have compatible outcome columns; unavailable optional covariates should be omitted during contract drafting.,ADNI_DISC,OASIS3_REP,smri_entorhinal;smri_fusiform;smri_hippocampus;smri_midtemp;smri_ventricles;smri_wholebrain,Alzheimer's disease biomarker status or exclusion;cognitive status,
pmid34649002_sparead_cogstatus,34649002,ad_aging,requires_new_feature_adapter,"The requested predictor/contrast is not locally executable. Stage 0 only marks seeds executable when the predictor maps to age/sex, the target diagnosis contrast, or an exact shared local column.",ADNI_DISC,OASIS3_REP,smri_entorhinal;smri_fusiform;smri_hippocampus;smri_midtemp;smri_ventricles;smri_wholebrain,,
pmid34649002_sparead_domains,34649002,ad_aging,requires_new_feature_adapter,"The requested predictor/contrast is not locally executable. Stage 0 only marks seeds executable when the predictor maps to age/sex, the target diagnosis contrast, or an exact shared local column.",ADNI_DISC,OASIS3_REP,smri_entorhinal;smri_fusiform;smri_hippocampus;smri_midtemp;smri_ventricles;smri_wholebrain,,
pmid34649002_brainage_attnwm,34649002,ad_aging,executable_now,Local discovery and replication evidence have compatible outcome columns; unavailable optional covariates should be omitted during contract drafting.,ADNI_DISC,OASIS3_REP,smri_entorhinal;smri_fusiform;smri_hippocampus;smri_midtemp;smri_ventricles;smri_wholebrain,domain-specific neuropsychological test performance,
pmid41144662_age_r1_mtsat,41144662,ad_aging,requires_new_feature_adapter,No target-family cohort has locally prepared outcome columns matching this modality/family.,,,,,
pmid41144662_age_r2star,41144662,ad_aging,requires_new_feature_adapter,No target-family cohort has locally prepared outcome columns matching this modality/family.,,,,,
pmid41144662_adrisk_qmri,41144662,ad_aging,requires_new_feature_adapter,genetic predictors are not available in the local benchmark columns.,,,,,
pmid34742361_erica_adconversion,34742361,ad_aging,requires_new_feature_adapter,Brain-to-behavior claims with imaging predictors and behavioral/cognitive outcomes are not executable by the current imaging-outcome CONFIRM contract.,,,,,
pmid34742361_erica_vs_mta_specificity,34742361,ad_aging,requires_new_feature_adapter,"The requested predictor/contrast is not locally executable. Stage 0 only marks seeds executable when the predictor maps to age/sex, the target diagnosis contrast, or an exact shared local column.",ADNI_DISC,OASIS3_REP,smri_entorhinal;smri_fusiform;smri_hippocampus;smri_midtemp;smri_ventricles;smri_wholebrain,,
33164934_1,33164934,ad_aging,requires_new_feature_adapter,task-fMRI activation/connectivity is not represented by the local resting-state FC descriptors.,,,,,
33164934_2,33164934,ad_aging,requires_new_feature_adapter,CSF/amyloid/tau/TDP-43 predictors are not available in the local benchmark columns.,,,,,
33164934_3,33164934,ad_aging,requires_new_feature_adapter,task-fMRI activation/connectivity is not represented by the local resting-state FC descriptors.,,,,,
pmid39985478_tau_mtl_atrophy,39985478,ad_aging,requires_new_feature_adapter,CSF/amyloid/tau/TDP-43 predictors are not available in the local benchmark columns.,,,,,
pmid39985478_tdp43_mtl_atrophy,39985478,ad_aging,requires_new_feature_adapter,CSF/amyloid/tau/TDP-43 predictors are not available in the local benchmark columns.,,,,,
pmid39985478_tau_tdp43_interaction_mtl,39985478,ad_aging,requires_new_feature_adapter,CSF/amyloid/tau/TDP-43 predictors are not available in the local benchmark columns.,,,,,
pmid36924740_scz_hc_ge_attention,36924740,psychosis,requires_new_feature_adapter,graph-theory or topology metrics are not present as local FC columns.,,,,,
pmid36924740_bd_hc_ge_va,36924740,psychosis,requires_new_feature_adapter,graph-theory or topology metrics are not present as local FC columns.,,,,,
pmid36924740_bd_compulsion_leftva_ge,36924740,psychosis,requires_new_feature_adapter,graph-theory or topology metrics are not present as local FC columns.,,,,,
pmid29038030_seed1,29038030,psychosis,requires_new_feature_adapter,"dynamic, heterogeneity, or individual-variability FC metrics are not represented by the local static FC descriptors.",,,,,
pmid29038030_seed2,29038030,psychosis,requires_new_feature_adapter,"dynamic, heterogeneity, or individual-variability FC metrics are not represented by the local static FC descriptors.",,,,,
pmid29038030_seed3,29038030,psychosis,requires_new_feature_adapter,"dynamic, heterogeneity, or individual-variability FC metrics are not represented by the local static FC descriptors.",,,,,
pmid38781675_positive_symptoms_fc_similarity,38781675,psychosis,requires_new_feature_adapter,Symptom-severity predictors are not available in the local benchmark columns.,,,,,
pmid38781675_disorganization_fc_similarity,38781675,psychosis,requires_new_feature_adapter,"The requested predictor/contrast is not locally executable. Stage 0 only marks seeds executable when the predictor maps to age/sex, the target diagnosis contrast, or an exact shared local column.",BSNIP2_DISC,COBRE_REP,fc_between_network;fc_mean_abs;fc_mean_positive;fc_within_network,,
pmid38781675_functioning_fc_similarity,38781675,psychosis,requires_new_feature_adapter,"The requested predictor/contrast is not locally executable. Stage 0 only marks seeds executable when the predictor maps to age/sex, the target diagnosis contrast, or an exact shared local column.",BSNIP2_DISC,COBRE_REP,fc_between_network;fc_mean_abs;fc_mean_positive;fc_within_network,,
pmid35398505_01,35398505,psychosis,requires_new_feature_adapter,"dynamic, heterogeneity, or individual-variability FC metrics are not represented by the local static FC descriptors.",,,,,
pmid35398505_02,35398505,psychosis,requires_new_feature_adapter,"dynamic, heterogeneity, or individual-variability FC metrics are not represented by the local static FC descriptors.",,,,,
pmid35398505_03,35398505,psychosis,requires_new_feature_adapter,"dynamic, heterogeneity, or individual-variability FC metrics are not represented by the local static FC descriptors.",,,,,
31313441-psychosis-rsfc-casecontrol,31313441,psychosis,executable_now,Local discovery and replication evidence have compatible outcome columns; unavailable optional covariates should be omitted during contract drafting.,BSNIP2_DISC,COBRE_REP,fc_between_network;fc_mean_abs;fc_mean_positive;fc_within_network,,
31313441-psychosis-rsfc-cognition,31313441,psychosis,requires_new_feature_adapter,Brain-to-behavior claims with imaging predictors and behavioral/cognitive outcomes are not executable by the current imaging-outcome CONFIRM contract.,,,,,
31313441-psychosis-network-vulnerability-cognition,31313441,psychosis,requires_new_feature_adapter,Brain-to-behavior claims with imaging predictors and behavioral/cognitive outcomes are not executable by the current imaging-outcome CONFIRM contract.,,,,,
pmid40886445_1,40886445,psychosis,requires_new_feature_adapter,task-fMRI activation/connectivity is not represented by the local resting-state FC descriptors.,,,,,
pmid40886445_2,40886445,psychosis,requires_new_feature_adapter,"The requested predictor/contrast is not locally executable. Stage 0 only marks seeds executable when the predictor maps to age/sex, the target diagnosis contrast, or an exact shared local column.",BSNIP2_DISC,COBRE_REP,fc_between_network;fc_mean_abs;fc_mean_positive;fc_within_network,,
pmid40886445_3,40886445,psychosis,requires_new_feature_adapter,task-fMRI activation/connectivity is not represented by the local resting-state FC descriptors.,,,,,
pmid38484928_rest_mcd_ssd_vs_control,38484928,psychosis,requires_new_feature_adapter,"dynamic, heterogeneity, or individual-variability FC metrics are not represented by the local static FC descriptors.",,,,,
pmid38484928_social_cognition_mcd,38484928,psychosis,requires_new_feature_adapter,task-fMRI activation/connectivity is not represented by the local resting-state FC descriptors.,,,,,
pmid38484928_task_vs_rest_diagnosis_mcd,38484928,psychosis,requires_new_feature_adapter,task-fMRI activation/connectivity is not represented by the local resting-state FC descriptors.,,,,,
pmid36083108_1,36083108,psychosis,requires_new_feature_adapter,diffusion MRI/DTI/DWI outcomes are not present in the local derivative tables.,,,,,
pmid36083108_2,36083108,psychosis,requires_new_feature_adapter,EEG/MEG outcomes are outside the local neuroimaging derivative tables.,,,,,
pmid36083108_3,36083108,psychosis,requires_new_feature_adapter,diffusion MRI/DTI/DWI outcomes are not present in the local derivative tables.,,,,,
29653095-psychosis-fc-01,29653095,psychosis,executable_now,Local discovery and replication evidence have compatible outcome columns; unavailable optional covariates should be omitted during contract drafting.,BSNIP2_DISC,COBRE_REP,fc_between_network;fc_mean_abs;fc_mean_positive;fc_within_network,Biotype subgroup;DSM-IV diagnostic subgroup,
29653095-psychosis-fc-02,29653095,psychosis,executable_now,Local discovery and replication evidence have compatible outcome columns; unavailable optional covariates should be omitted during contract drafting.,BSNIP2_DISC,COBRE_REP,fc_between_network;fc_mean_abs;fc_mean_positive;fc_within_network,Biotype-relative subgroup;Family relationship to proband;Proband diagnostic group,
29653095-psychosis-fc-03,29653095,psychosis,requires_new_feature_adapter,"The requested predictor/contrast is not locally executable. Stage 0 only marks seeds executable when the predictor maps to age/sex, the target diagnosis contrast, or an exact shared local column.",BSNIP2_DISC,COBRE_REP,fc_between_network;fc_mean_abs;fc_mean_positive;fc_within_network,,
pm38491343_glutamate_taskfmri_cogcontrol,38491343,psychosis,requires_new_feature_adapter,task-fMRI activation/connectivity is not represented by the local resting-state FC descriptors.,,,,,
pm38491343_cluster2_glugaba_taskfmri,38491343,psychosis,requires_new_feature_adapter,task-fMRI activation/connectivity is not represented by the local resting-state FC descriptors.,,,,,
pmid35094052-1,35094052,psychosis,requires_new_feature_adapter,effective/causal connectivity is not represented by the local FC columns.,,,,,
pmid35094052-2,35094052,psychosis,requires_new_feature_adapter,effective/causal connectivity is not represented by the local FC columns.,,,,,
pmid35094052-3,35094052,psychosis,requires_new_feature_adapter,effective/causal connectivity is not represented by the local FC columns.,,,,,
pmid40410167_dti_diffusivity_psychosis,40410167,psychosis,requires_new_feature_adapter,diffusion MRI/DTI/DWI outcomes are not present in the local derivative tables.,,,,,
pmid40410167_dki_kurtosis_psychosis,40410167,psychosis,requires_new_feature_adapter,diffusion MRI/DTI/DWI outcomes are not present in the local derivative tables.,,,,,
pmid40410167_wmtiw_extraaxonal_psychosis,40410167,psychosis,requires_new_feature_adapter,diffusion MRI/DTI/DWI outcomes are not present in the local derivative tables.,,,,,
pmid35753120_1,35753120,psychosis,executable_now,Local discovery and replication evidence have compatible outcome columns; unavailable optional covariates should be omitted during contract drafting.,BSNIP2_DISC,COBRE_REP,fc_between_network;fc_mean_abs;fc_mean_positive;fc_within_network,case/control status;diagnosis group: schizophrenia or schizoaffective disorder,
pmid35753120_2,35753120,psychosis,requires_new_feature_adapter,Brain-to-behavior claims with imaging predictors and behavioral/cognitive outcomes are not executable by the current imaging-outcome CONFIRM contract.,,,,,
pmid35753120_3,35753120,psychosis,requires_new_feature_adapter,Brain-to-behavior claims with imaging predictors and behavioral/cognitive outcomes are not executable by the current imaging-outcome CONFIRM contract.,,,,,
pmid34183210_1,34183210,psychosis,executable_now,Local discovery and replication evidence have compatible outcome columns; unavailable optional covariates should be omitted during contract drafting.,BSNIP2_DISC,COBRE_REP,fc_between_network;fc_mean_abs;fc_mean_positive;fc_within_network,,
pmid34183210_2,34183210,psychosis,requires_new_feature_adapter,"The requested predictor/contrast is not locally executable. Stage 0 only marks seeds executable when the predictor maps to age/sex, the target diagnosis contrast, or an exact shared local column.",BSNIP2_DISC,COBRE_REP,fc_between_network;fc_mean_abs;fc_mean_positive;fc_within_network,,
pmid34183210_3,34183210,psychosis,executable_now,Local discovery and replication evidence have compatible outcome columns; unavailable optional covariates should be omitted during contract drafting.,BSNIP2_DISC,COBRE_REP,fc_between_network;fc_mean_abs;fc_mean_positive;fc_within_network,,
pmid36047043_seed1,36047043,psychosis,requires_new_feature_adapter,"cerebellar, thalamic, subcortical, or midbrain outcomes are not represented by the local FC network columns.",,,,,
pmid36047043_seed2,36047043,psychosis,requires_new_feature_adapter,"cerebellar, thalamic, subcortical, or midbrain outcomes are not represented by the local FC network columns.",,,,,
pmid36047043_seed3,36047043,psychosis,requires_new_feature_adapter,"cerebellar, thalamic, subcortical, or midbrain outcomes are not represented by the local FC network columns.",,,,,
pmid38422833_cerebellar_fnc,38422833,psychosis,requires_new_feature_adapter,"cerebellar, thalamic, subcortical, or midbrain outcomes are not represented by the local FC network columns.",,,,,
pmid38422833_cortical_fnc,38422833,psychosis,executable_now,Local discovery and replication evidence have compatible outcome columns; unavailable optional covariates should be omitted during contract drafting.,BSNIP2_DISC,COBRE_REP,fc_between_network;fc_mean_abs;fc_mean_positive;fc_within_network,head motion;imaging site;race,
pmid38422833_subcortical_fnc,38422833,psychosis,requires_new_feature_adapter,"cerebellar, thalamic, subcortical, or midbrain outcomes are not represented by the local FC network columns.",,,,,
pmid30126818_psychosis_fpn_motor_rsfc_controls,30126818,psychosis,requires_new_feature_adapter,"The requested predictor/contrast is not locally executable. Stage 0 only marks seeds executable when the predictor maps to age/sex, the target diagnosis contrast, or an exact shared local column.",BSNIP2_DISC,COBRE_REP,fc_between_network;fc_mean_abs;fc_mean_positive;fc_within_network,,
pmid30126818_psychosis_cognition_fpn_rsfc,30126818,psychosis,requires_new_feature_adapter,"The requested predictor/contrast is not locally executable. Stage 0 only marks seeds executable when the predictor maps to age/sex, the target diagnosis contrast, or an exact shared local column.",BSNIP2_DISC,COBRE_REP,fc_between_network;fc_mean_abs;fc_mean_positive;fc_within_network,,
pmid39923816_ssd_rcbf_case_control,39923816,psychosis,requires_new_feature_adapter,blood/plasma predictors are not available in the local benchmark columns.,,,,,
pmid39923816_chrp_rcbf_case_control,39923816,psychosis,requires_new_feature_adapter,blood/plasma predictors are not available in the local benchmark columns.,,,,,
pmid39923816_receptor_atlas_rcbf,39923816,psychosis,requires_new_feature_adapter,PET dopamine predictors are not available in the local benchmark columns.,,,,,
pmid31288150_1,31288150,psychosis,requires_new_feature_adapter,graph-theory or topology metrics are not present as local FC columns.,,,,,
pmid31288150_2,31288150,psychosis,requires_new_feature_adapter,graph-theory or topology metrics are not present as local FC columns.,,,,,
pmid31288150_3,31288150,psychosis,requires_new_feature_adapter,graph-theory or topology metrics are not present as local FC columns.,,,,,
pmid35820225_1,35820225,psychosis,requires_new_feature_adapter,EEG/MEG outcomes are outside the local neuroimaging derivative tables.,,,,,
pmid35820225_2,35820225,psychosis,requires_new_feature_adapter,EEG/MEG outcomes are outside the local neuroimaging derivative tables.,,,,,
