benchmark_item_id,benchmark_track,target_family,modality,alignment_disposition,agreement_pattern,vote_count,confirm_outcome
ncb-external-transfer-092cd51bcb5448d7,external_transfer,ad_aging,sMRI,aligned_with_safety_augmentation,not_applicable,3,abstained
ncb-external-transfer-2f7044d63c6a8771,external_transfer,ad_aging,sMRI,non_executable,not_applicable,3,not_evaluated
ncb-external-transfer-36b84e80d6c50012,external_transfer,ad_aging,sMRI,aligned_with_safety_augmentation,not_applicable,3,abstained
ncb-external-transfer-6e7550292e8dbaff,external_transfer,ad_aging,sMRI,aligned_with_safety_augmentation,not_applicable,3,abstained
ncb-external-transfer-7f37d5578b3cc678,external_transfer,ad_aging,sMRI,aligned_with_safety_augmentation,not_applicable,3,abstained
ncb-external-transfer-87da7810f0a4515f,external_transfer,ad_aging,sMRI,aligned_with_safety_augmentation,not_applicable,3,abstained
ncb-external-transfer-9c7a47dbebfe1759,external_transfer,psychosis,sMRI,aligned_with_safety_augmentation,not_applicable,3,abstained
ncb-external-transfer-a8646216db807141,external_transfer,ad_aging,sMRI,aligned_with_safety_augmentation,not_applicable,3,abstained
ncb-external-transfer-aab29b1d1c0b92a5,external_transfer,ad_aging,sMRI,aligned_with_safety_augmentation,not_applicable,3,abstained
ncb-external-transfer-b8fb8dbb05332d12,external_transfer,psychosis,sMRI,aligned_with_safety_augmentation,not_applicable,3,abstained
ncb-external-transfer-d39f4693f159c73e,external_transfer,ad_aging,sMRI,aligned_with_safety_augmentation,not_applicable,3,abstained
ncb-external-transfer-d502bc59cbfea3cf,external_transfer,ad_aging,sMRI,aligned_with_safety_augmentation,not_applicable,3,abstained
ncb-external-transfer-f4e152e984bdd249,external_transfer,ad_aging,sMRI,non_executable,not_applicable,3,not_evaluated
ncb-external-transfer-f58df52cceca9d39,external_transfer,ad_aging,sMRI,aligned_with_safety_augmentation,not_applicable,3,abstained
ncb-pending-34462bc3fe7aad1f,scientific,ad_aging,unknown,non_executable,not_applicable,0,not_evaluated
ncb-pending-47bb812b9cbd8434,scientific,ad_aging,unknown,non_executable,not_applicable,0,not_evaluated
ncb-pending-4a9f7d09a17c74f8,scientific,ad_aging,unknown,non_executable,not_applicable,0,not_evaluated
ncb-pending-661468a337ef8336,scientific,ad_aging,unknown,non_executable,not_applicable,0,not_evaluated
ncb-pending-6f8d67212a205367,scientific,ad_aging,unknown,non_executable,not_applicable,0,not_evaluated
ncb-pending-936a5d784ee98820,scientific,ad_aging,unknown,non_executable,not_applicable,0,not_evaluated
ncb-pending-971e3a317a0b72b1,scientific,ad_aging,unknown,non_executable,not_applicable,0,not_evaluated
ncb-pending-c109790dc989f6d7,scientific,ad_aging,unknown,non_executable,not_applicable,0,not_evaluated
ncb-pending-c92eff7950758b43,scientific,ad_aging,unknown,non_executable,not_applicable,0,not_evaluated
ncb-pending-d98528cc9b996755,scientific,ad_aging,unknown,non_executable,not_applicable,0,not_evaluated
ncb-scientific-03136ab7c6bb7990,scientific,adhd,fMRI-FC,aligned_with_safety_augmentation,not_applicable,3,abstained
ncb-scientific-042202d5c660975c,scientific,normative_fmri,sMRI,aligned_with_safety_augmentation,not_applicable,3,abstained
ncb-scientific-047feb6835500e20,scientific,psychosis,fMRI-FC,aligned_with_safety_augmentation,not_applicable,3,abstained
ncb-scientific-05c17620b6ff0817,scientific,normative_fmri,fMRI-FC,aligned_with_safety_augmentation,not_applicable,3,abstained
ncb-scientific-06e24b7117348843,scientific,normative_fmri,fMRI-FC,aligned_with_safety_augmentation,not_applicable,3,abstained
ncb-scientific-08efd1786e5b448a,scientific,asd,fMRI-FC,aligned_with_safety_augmentation,not_applicable,3,abstained
ncb-scientific-0945ff60b5d68ba8,scientific,ad_aging,sMRI,aligned_with_safety_augmentation,not_applicable,3,abstained
ncb-scientific-09bce8d2747a588b,scientific,asd,fMRI-FC,aligned_with_safety_augmentation,not_applicable,3,abstained
ncb-scientific-0b054fd85acaa063,scientific,ad_aging,fMRI-FC,aligned_with_safety_augmentation,not_applicable,3,abstained
ncb-scientific-0bccd4e0b2409e23,scientific,adhd,fMRI-FC,repairable_contract,not_applicable,3,abstained
ncb-scientific-0c04451321f8aa46,scientific,asd,fMRI-FC,aligned_with_safety_augmentation,not_applicable,3,abstained
ncb-scientific-0c84ae301c0de1ab,scientific,adhd,fMRI-FC,aligned_with_safety_augmentation,not_applicable,3,confirmed
ncb-scientific-0d57166941ee6987,scientific,adhd,fMRI-FC,aligned_with_safety_augmentation,not_applicable,3,abstained
ncb-scientific-0efe8c9435d8ffdf,scientific,normative_fmri,fMRI-FC,aligned_with_safety_augmentation,not_applicable,3,abstained
ncb-scientific-0f75dd716dd391af,scientific,ad_aging,fMRI-FC,ambiguous_unresolved,not_applicable,3,not_evaluated
ncb-scientific-0fba59d9c8075ce0,scientific,normative_fmri,fMRI-FC,aligned_with_safety_augmentation,not_applicable,3,abstained
ncb-scientific-113ed00f0e74744d,scientific,adhd,fMRI-FC,aligned_with_safety_augmentation,not_applicable,3,abstained
ncb-scientific-1329501baee4943a,scientific,asd,fMRI-FC,aligned_with_safety_augmentation,not_applicable,3,abstained
ncb-scientific-138026bd7cce20e7,scientific,normative_fmri,fMRI-FC,aligned_with_safety_augmentation,not_applicable,3,confirmed
ncb-scientific-149b1f2aeda4fcb1,scientific,asd,fMRI-FC,aligned_with_safety_augmentation,not_applicable,3,abstained
ncb-scientific-1518a0abab435142,scientific,asd,fMRI-FC,aligned_with_safety_augmentation,not_applicable,3,abstained
ncb-scientific-172d75bcc17dcce9,scientific,psychosis,fMRI-FC,aligned,not_applicable,3,abstained
ncb-scientific-1775e0699f7d950f,scientific,ad_aging,sMRI,aligned_with_safety_augmentation,not_applicable,3,abstained
ncb-scientific-1954832d44d0ebd1,scientific,adhd,fMRI-FC,aligned_with_safety_augmentation,not_applicable,3,confirmed
ncb-scientific-19802d4080b79f2e,scientific,asd,fMRI-FC,aligned_with_safety_augmentation,not_applicable,3,abstained
ncb-scientific-1bc0eeed8b9a00bc,scientific,normative_fmri,fMRI-FC,aligned_with_safety_augmentation,not_applicable,3,confirmed
ncb-scientific-1d2a9e0f4f0b8bc3,scientific,ad_aging,fMRI-FC,aligned_with_safety_augmentation,not_applicable,3,abstained
ncb-scientific-1d82194a9c52b4fa,scientific,psychosis,fMRI-FC,aligned,not_applicable,3,confirmed
ncb-scientific-1f13a7aee9fc1c7d,scientific,asd,fMRI-FC,aligned_with_safety_augmentation,not_applicable,3,abstained
ncb-scientific-1f634e71dd689f9b,scientific,asd,fMRI-FC,aligned_with_safety_augmentation,not_applicable,3,abstained
ncb-scientific-1f683beae6c7e55d,scientific,adhd,fMRI-FC,repairable_contract,not_applicable,3,abstained
ncb-scientific-206dd8d45a4d9d89,scientific,asd,fMRI-FC,aligned_with_safety_augmentation,not_applicable,3,abstained
ncb-scientific-2290e2c4612f7606,scientific,ad_aging,sMRI,aligned_with_safety_augmentation,not_applicable,3,confirmed
ncb-scientific-22dfa8274c94ef0c,scientific,normative_fmri,fMRI-FC,ambiguous_unresolved,not_applicable,3,not_evaluated
ncb-scientific-2387b1cf701bf90b,scientific,adhd,fMRI-FC,aligned,not_applicable,3,abstained
ncb-scientific-23a83dcb8dd0287e,scientific,psychosis,fMRI-FC,aligned,not_applicable,3,abstained
ncb-scientific-23b8d8c0265298fd,scientific,psychosis,fMRI-FC,aligned,not_applicable,3,abstained
ncb-scientific-23d61a93cc5dbec1,scientific,adhd,fMRI-FC,aligned,not_applicable,3,confirmed
ncb-scientific-24de654ccd87dce2,scientific,ad_aging,fMRI-FC,aligned_with_safety_augmentation,not_applicable,3,abstained
ncb-scientific-266504b3d4e53721,scientific,psychosis,fMRI-FC,aligned_with_safety_augmentation,not_applicable,3,abstained
ncb-scientific-2a373f053e882288,scientific,normative_fmri,fMRI-FC,ambiguous_unresolved,not_applicable,3,not_evaluated
ncb-scientific-2a5d5bc83ab86134,scientific,normative_fmri,fMRI-FC,aligned_with_safety_augmentation,not_applicable,3,abstained
ncb-scientific-2aa338cf718c206f,scientific,normative_fmri,fMRI-FC,aligned,not_applicable,3,confirmed
ncb-scientific-2aadc4e4de851c0e,scientific,asd,fMRI-FC,aligned_with_safety_augmentation,not_applicable,3,abstained
ncb-scientific-2b20954defb2352a,scientific,adhd,fMRI-FC,non_executable,not_applicable,3,not_evaluated
ncb-scientific-2b36f4bbee998e56,scientific,adhd,fMRI-FC,aligned,not_applicable,3,abstained
ncb-scientific-2b8c1957240b2b85,scientific,ad_aging,sMRI,aligned_with_safety_augmentation,not_applicable,3,confirmed
ncb-scientific-2da7ae8514465754,scientific,normative_fmri,fMRI-FC,aligned_with_safety_augmentation,not_applicable,3,confirmed
ncb-scientific-2dab47018aa41786,scientific,adhd,fMRI-FC,repairable_contract,not_applicable,3,confirmed
ncb-scientific-2dcda273dbedc219,scientific,ad_aging,PET,aligned_with_safety_augmentation,not_applicable,3,abstained
ncb-scientific-2ddc5b5c1ef8b93a,scientific,normative_fmri,fMRI-FC,aligned_with_safety_augmentation,not_applicable,3,confirmed
ncb-scientific-2e389c7806389508,scientific,asd,fMRI-FC,aligned_with_safety_augmentation,not_applicable,3,abstained
ncb-scientific-2f6ce6fa5ea95eeb,scientific,asd,fMRI-FC,aligned_with_safety_augmentation,not_applicable,3,abstained
ncb-scientific-30a7ce77696eccff,scientific,asd,fMRI-FC,ambiguous_unresolved,not_applicable,3,not_evaluated
ncb-scientific-30f73b540a076be8,scientific,asd,fMRI-FC,aligned_with_safety_augmentation,not_applicable,3,abstained
ncb-scientific-31990e646f54d4e6,scientific,asd,fMRI-FC,aligned_with_safety_augmentation,not_applicable,3,abstained
ncb-scientific-319a1462bfdbc89d,scientific,normative_fmri,fMRI-FC,aligned_with_safety_augmentation,not_applicable,3,abstained
ncb-scientific-31ff42faa1d10211,scientific,asd,fMRI-FC,aligned_with_safety_augmentation,not_applicable,3,abstained
ncb-scientific-32c06a5e43e74faa,scientific,psychosis,fMRI-FC,aligned_with_safety_augmentation,not_applicable,3,abstained
ncb-scientific-3700ad906c849ad5,scientific,normative_fmri,fMRI-FC,aligned_with_safety_augmentation,not_applicable,3,confirmed
ncb-scientific-3942bdaedf8efb2a,scientific,psychosis,fMRI-FC,aligned_with_safety_augmentation,not_applicable,3,abstained
ncb-scientific-3ad601039168835a,scientific,asd,fMRI-FC,aligned_with_safety_augmentation,not_applicable,3,abstained
ncb-scientific-3b7b2226aa3bb7ce,scientific,psychosis,fMRI-FC,aligned,not_applicable,3,abstained
ncb-scientific-3ba54e0248b29adb,scientific,asd,fMRI-FC,aligned_with_safety_augmentation,not_applicable,3,abstained
ncb-scientific-3bb5fd92cff87e34,scientific,asd,fMRI-FC,aligned_with_safety_augmentation,not_applicable,3,abstained
ncb-scientific-41e14c6dd1c2213b,scientific,adhd,fMRI-FC,aligned,not_applicable,3,abstained
ncb-scientific-424e2babe414b942,scientific,normative_fmri,fMRI-FC,aligned_with_safety_augmentation,not_applicable,3,confirmed
ncb-scientific-42b2c11ed186c2c9,scientific,normative_fmri,fMRI-FC,aligned_with_safety_augmentation,not_applicable,3,abstained
ncb-scientific-43b88d75579673af,scientific,normative_fmri,fMRI-FC,aligned_with_safety_augmentation,not_applicable,3,abstained
ncb-scientific-456c48345929eb71,scientific,normative_fmri,fMRI-FC,aligned_with_safety_augmentation,not_applicable,3,confirmed
ncb-scientific-46c685780a6efe6d,scientific,asd,fMRI-FC,aligned_with_safety_augmentation,not_applicable,3,abstained
ncb-scientific-493d1fd9443c1c35,scientific,normative_fmri,fMRI-FC,aligned_with_safety_augmentation,not_applicable,3,abstained
ncb-scientific-49789008a2790135,scientific,psychosis,fMRI-FC,aligned_with_safety_augmentation,not_applicable,3,abstained
ncb-scientific-49fd02560669f081,scientific,psychosis,fMRI-FC,aligned,not_applicable,3,abstained
ncb-scientific-4bafecc6ed3b9d87,scientific,psychosis,fMRI-FC,aligned,not_applicable,3,abstained
ncb-scientific-4bec8588ceb4224d,scientific,adhd,fMRI-FC,aligned,not_applicable,3,abstained
ncb-scientific-4cedbc48040eac27,scientific,psychosis,fMRI-FC,aligned_with_safety_augmentation,not_applicable,3,abstained
ncb-scientific-4d6ed37bb9324c72,scientific,ad_aging,fMRI-FC,aligned_with_safety_augmentation,not_applicable,3,abstained
ncb-scientific-4f93b1319bad7eb5,scientific,ad_aging,sMRI,ambiguous_unresolved,not_applicable,3,not_evaluated
ncb-scientific-4ffc0faff41b9d25,scientific,psychosis,fMRI-FC,aligned,not_applicable,3,abstained
ncb-scientific-51f69ecdfc1f24b2,scientific,psychosis,fMRI-FC,ambiguous_unresolved,not_applicable,3,not_evaluated
ncb-scientific-531f4a09678d2222,scientific,asd,fMRI-FC,aligned_with_safety_augmentation,not_applicable,3,abstained
ncb-scientific-548cb9ea8bd9f8de,scientific,asd,fMRI-FC,aligned_with_safety_augmentation,not_applicable,3,abstained
ncb-scientific-548d362dc2682286,scientific,psychosis,fMRI-FC,aligned,not_applicable,3,abstained
ncb-scientific-55457edaa703fbe4,scientific,asd,fMRI-FC,aligned,not_applicable,3,abstained
ncb-scientific-55b455d152ed1390,scientific,psychosis,fMRI-FC,aligned,not_applicable,3,abstained
ncb-scientific-561d93190dd22ced,scientific,psychosis,fMRI-FC,aligned_with_safety_augmentation,not_applicable,3,abstained
ncb-scientific-5640b53a2dfaa1b8,scientific,adhd,fMRI-FC,ambiguous_unresolved,not_applicable,3,not_evaluated
ncb-scientific-56dfabf45f27a27d,scientific,normative_fmri,other,ambiguous_unresolved,not_applicable,3,not_evaluated
ncb-scientific-572d89238c32c460,scientific,ad_aging,sMRI,aligned_with_safety_augmentation,not_applicable,3,confirmed
ncb-scientific-579c77d9f61e5f87,scientific,adhd,fMRI-FC,aligned_with_safety_augmentation,not_applicable,3,abstained
ncb-scientific-5824fc854e2aa2db,scientific,normative_fmri,fMRI-FC,ambiguous_unresolved,not_applicable,3,not_evaluated
ncb-scientific-58864dfe748ed623,scientific,psychosis,fMRI-FC,aligned_with_safety_augmentation,not_applicable,3,abstained
ncb-scientific-58fd062031fc801e,scientific,asd,fMRI-FC,aligned_with_safety_augmentation,not_applicable,3,abstained
ncb-scientific-5a12e0c7d2a28bde,scientific,asd,fMRI-FC,aligned,not_applicable,3,abstained
ncb-scientific-5af5c999c214ab93,scientific,adhd,fMRI-FC,aligned_with_safety_augmentation,not_applicable,3,abstained
ncb-scientific-5b0717b45335d600,scientific,adhd,fMRI-FC,aligned_with_safety_augmentation,not_applicable,3,abstained
ncb-scientific-5b85792fec387f31,scientific,normative_fmri,sMRI,aligned_with_safety_augmentation,not_applicable,3,confirmed
ncb-scientific-5bbd3e8e8a1ab72c,scientific,adhd,fMRI-FC,aligned,not_applicable,3,abstained
ncb-scientific-5d4734ea98c9d333,scientific,asd,fMRI-FC,aligned_with_safety_augmentation,not_applicable,3,abstained
ncb-scientific-5d5fd40a49dbf782,scientific,psychosis,fMRI-FC,ambiguous_unresolved,not_applicable,3,not_evaluated
ncb-scientific-5e6aa7181e35b605,scientific,asd,fMRI-FC,aligned_with_safety_augmentation,not_applicable,3,abstained
ncb-scientific-60bd3b9afd76e376,scientific,psychosis,fMRI-FC,aligned,not_applicable,3,confirmed
ncb-scientific-611e67de29172a34,scientific,psychosis,fMRI-FC,aligned_with_safety_augmentation,not_applicable,3,abstained
ncb-scientific-61274f38e0112edd,scientific,asd,fMRI-FC,aligned_with_safety_augmentation,not_applicable,3,abstained
ncb-scientific-622e97baf8eece3c,scientific,psychosis,fMRI-FC,aligned,not_applicable,3,abstained
ncb-scientific-629feeb21e3e9864,scientific,adhd,fMRI-FC,aligned_with_safety_augmentation,not_applicable,3,confirmed
ncb-scientific-65466f9b282b22be,scientific,normative_fmri,fMRI-FC,aligned_with_safety_augmentation,not_applicable,3,abstained
ncb-scientific-6560b15c380073ca,scientific,adhd,fMRI-FC,aligned_with_safety_augmentation,not_applicable,3,abstained
ncb-scientific-672ab5d3a6c11820,scientific,adhd,fMRI-FC,aligned,not_applicable,3,abstained
ncb-scientific-67542fa55426a130,scientific,psychosis,fMRI-FC,ambiguous_unresolved,not_applicable,3,not_evaluated
ncb-scientific-675abad09b88a363,scientific,psychosis,fMRI-FC,aligned_with_safety_augmentation,not_applicable,3,abstained
ncb-scientific-67bed34632da1fbb,scientific,normative_fmri,fMRI-FC,aligned,not_applicable,3,abstained
ncb-scientific-67d76c2c55e3d767,scientific,normative_fmri,fMRI-FC,ambiguous_unresolved,not_applicable,3,not_evaluated
ncb-scientific-67de4555230bc27a,scientific,asd,fMRI-FC,aligned_with_safety_augmentation,not_applicable,3,abstained
ncb-scientific-68bd56b0483a236c,scientific,asd,fMRI-FC,aligned_with_safety_augmentation,not_applicable,3,abstained
ncb-scientific-690059388e87cd26,scientific,normative_fmri,fMRI-FC,ambiguous_unresolved,not_applicable,3,not_evaluated
ncb-scientific-693510493058a91a,scientific,ad_aging,fMRI-FC,aligned_with_safety_augmentation,not_applicable,3,abstained
ncb-scientific-693e96c3edd41a98,scientific,adhd,fMRI-FC,aligned_with_safety_augmentation,not_applicable,3,confirmed
ncb-scientific-6aa47e3b129ad9fb,scientific,psychosis,fMRI-FC,aligned_with_safety_augmentation,not_applicable,3,abstained
ncb-scientific-6bedac272110f713,scientific,adhd,fMRI-FC,aligned_with_safety_augmentation,not_applicable,3,abstained
ncb-scientific-6c7b0f8ae69a2d50,scientific,adhd,fMRI-FC,non_executable,not_applicable,3,not_evaluated
ncb-scientific-6d7bbb66ca61d088,scientific,adhd,fMRI-FC,aligned_with_safety_augmentation,not_applicable,3,abstained
ncb-scientific-6efb2475137e21ce,scientific,normative_fmri,fMRI-FC,ambiguous_unresolved,not_applicable,3,not_evaluated
ncb-scientific-704522685c487d81,scientific,normative_fmri,fMRI-FC,aligned_with_safety_augmentation,not_applicable,3,abstained
ncb-scientific-70527a90423a8295,scientific,psychosis,fMRI-FC,aligned,not_applicable,3,abstained
ncb-scientific-709359ed74346ba9,scientific,ad_aging,sMRI,aligned_with_safety_augmentation,not_applicable,3,confirmed
ncb-scientific-717fef42ce5138d1,scientific,ad_aging,sMRI,aligned_with_safety_augmentation,not_applicable,3,confirmed
ncb-scientific-721c4fa75e038ea4,scientific,adhd,fMRI-FC,aligned_with_safety_augmentation,not_applicable,3,abstained
ncb-scientific-7761a54a90d0f99d,scientific,ad_aging,sMRI,ambiguous_unresolved,not_applicable,3,not_evaluated
ncb-scientific-79182620041b5799,scientific,ad_aging,fMRI-FC,aligned_with_safety_augmentation,not_applicable,3,abstained
ncb-scientific-792968836011440a,scientific,ad_aging,sMRI,aligned_with_safety_augmentation,not_applicable,3,confirmed
ncb-scientific-7a87a86398becf44,scientific,asd,fMRI-FC,aligned_with_safety_augmentation,not_applicable,3,abstained
ncb-scientific-7ab10eca62cc6fc7,scientific,asd,fMRI-FC,ambiguous_unresolved,not_applicable,3,not_evaluated
ncb-scientific-7be5e0886589fedd,scientific,normative_fmri,fMRI-FC,aligned_with_safety_augmentation,not_applicable,3,confirmed
ncb-scientific-7c005de1c12b32a7,scientific,adhd,fMRI-FC,repairable_contract,not_applicable,3,abstained
ncb-scientific-7c173adc5485d7ce,scientific,normative_fmri,fMRI-FC,aligned_with_safety_augmentation,not_applicable,3,abstained
ncb-scientific-7cb3fe4a5738fae5,scientific,psychosis,fMRI-FC,aligned,not_applicable,3,abstained
ncb-scientific-7f4258667f94f44d,scientific,ad_aging,sMRI,aligned_with_safety_augmentation,not_applicable,3,abstained
ncb-scientific-7fc6845e80fabb9d,scientific,normative_fmri,fMRI-FC,aligned_with_safety_augmentation,not_applicable,3,confirmed
ncb-scientific-7fe9235c8d5841b2,scientific,asd,fMRI-FC,aligned_with_safety_augmentation,not_applicable,3,abstained
ncb-scientific-80318de11aee33ca,scientific,psychosis,fMRI-FC,aligned,not_applicable,3,abstained
ncb-scientific-815d879b9076393c,scientific,asd,fMRI-FC,aligned,not_applicable,3,abstained
ncb-scientific-81e24d3b130902a4,scientific,psychosis,fMRI-FC,aligned,not_applicable,3,abstained
ncb-scientific-822a9e3fd7a9cc40,scientific,psychosis,fMRI-FC,aligned,not_applicable,3,abstained
ncb-scientific-8366c91b96faf9a6,scientific,psychosis,fMRI-FC,aligned_with_safety_augmentation,not_applicable,3,abstained
ncb-scientific-83e8c22eb0f4831a,scientific,asd,fMRI-FC,aligned_with_safety_augmentation,not_applicable,3,abstained
ncb-scientific-8482b5c202e5e323,scientific,normative_fmri,fMRI-FC,aligned_with_safety_augmentation,not_applicable,3,abstained
ncb-scientific-86a81a5f3a28d98c,scientific,normative_fmri,fMRI-FC,aligned_with_safety_augmentation,not_applicable,3,abstained
ncb-scientific-872c426870a43fc0,scientific,psychosis,fMRI-FC,aligned_with_safety_augmentation,not_applicable,3,abstained
ncb-scientific-8875a7bf33df9519,scientific,adhd,fMRI-FC,aligned_with_safety_augmentation,not_applicable,3,abstained
ncb-scientific-89c7369d95a29475,scientific,normative_fmri,fMRI-FC,ambiguous_unresolved,not_applicable,3,not_evaluated
ncb-scientific-8c2247d3d87d1686,scientific,ad_aging,sMRI,ambiguous_unresolved,not_applicable,3,not_evaluated
ncb-scientific-8d7fe2116b082179,scientific,adhd,fMRI-FC,non_executable,not_applicable,3,not_evaluated
ncb-scientific-909dd51daf957cf4,scientific,adhd,fMRI-FC,aligned_with_safety_augmentation,not_applicable,3,confirmed
ncb-scientific-91575e683551f750,scientific,adhd,fMRI-FC,aligned,not_applicable,3,abstained
ncb-scientific-9181e305d0e360a5,scientific,psychosis,fMRI-FC,aligned_with_safety_augmentation,not_applicable,3,abstained
ncb-scientific-9211f485178e8764,scientific,normative_fmri,fMRI-FC,ambiguous_unresolved,not_applicable,3,not_evaluated
ncb-scientific-9346832a3ea94fed,scientific,ad_aging,sMRI,aligned_with_safety_augmentation,not_applicable,3,confirmed
ncb-scientific-9448893bb6c6800c,scientific,ad_aging,sMRI,aligned_with_safety_augmentation,not_applicable,3,confirmed
ncb-scientific-9586a5c1af2ea3f7,scientific,asd,fMRI-FC,aligned,not_applicable,3,abstained
ncb-scientific-970b61f9cba924c6,scientific,ad_aging,sMRI,aligned_with_safety_augmentation,not_applicable,3,confirmed
ncb-scientific-9b0372d2c93e148a,scientific,normative_fmri,fMRI-FC,ambiguous_unresolved,not_applicable,3,not_evaluated
ncb-scientific-9b768a7494df75b2,scientific,asd,fMRI-FC,aligned_with_safety_augmentation,not_applicable,3,abstained
ncb-scientific-9c418256797d0a86,scientific,normative_fmri,fMRI-FC,aligned,not_applicable,3,abstained
ncb-scientific-9ec4c7f2ec1fad99,scientific,adhd,fMRI-FC,aligned_with_safety_augmentation,not_applicable,3,abstained
ncb-scientific-9f890b1a7a66889e,scientific,adhd,fMRI-FC,aligned_with_safety_augmentation,not_applicable,3,confirmed
ncb-scientific-a02841671504d8cd,scientific,asd,fMRI-FC,aligned_with_safety_augmentation,not_applicable,3,abstained
ncb-scientific-a1bf69b8f56d46c9,scientific,normative_fmri,fMRI-FC,aligned_with_safety_augmentation,not_applicable,3,abstained
ncb-scientific-a1da46d7f5fa792d,scientific,psychosis,fMRI-FC,aligned_with_safety_augmentation,not_applicable,3,abstained
ncb-scientific-a36ed4355870c674,scientific,ad_aging,PET,aligned_with_safety_augmentation,not_applicable,3,confirmed
ncb-scientific-a3f4263a0dce56cf,scientific,ad_aging,fMRI-FC,aligned_with_safety_augmentation,not_applicable,3,abstained
ncb-scientific-a427d5471566b2cf,scientific,normative_fmri,fMRI-FC,aligned_with_safety_augmentation,not_applicable,3,abstained
ncb-scientific-a545812912502796,scientific,ad_aging,fMRI-FC,aligned_with_safety_augmentation,not_applicable,3,abstained
ncb-scientific-a7bd041be62e2db4,scientific,asd,fMRI-FC,aligned_with_safety_augmentation,not_applicable,3,abstained
ncb-scientific-a9e0ba33a876abc0,scientific,normative_fmri,fMRI-FC,aligned_with_safety_augmentation,not_applicable,3,abstained
ncb-scientific-acb1371a4d55e5b6,scientific,normative_fmri,fMRI-FC,aligned_with_safety_augmentation,not_applicable,3,confirmed
ncb-scientific-ad793f2b627c14db,scientific,adhd,fMRI-FC,ambiguous_unresolved,not_applicable,3,not_evaluated
ncb-scientific-adc64a42191e17f6,scientific,asd,fMRI-FC,aligned_with_safety_augmentation,not_applicable,3,abstained
ncb-scientific-adc7daee506cca47,scientific,normative_fmri,fMRI-FC,ambiguous_unresolved,not_applicable,3,not_evaluated
ncb-scientific-b336c91ebd2e082c,scientific,psychosis,fMRI-FC,ambiguous_unresolved,not_applicable,3,not_evaluated
ncb-scientific-b5c857772b8292df,scientific,ad_aging,sMRI,aligned,not_applicable,3,confirmed
ncb-scientific-b6bcaf52ce24d411,scientific,adhd,fMRI-FC,aligned,not_applicable,3,abstained
ncb-scientific-b9f9592e3da6c9ce,scientific,ad_aging,PET,ambiguous_unresolved,not_applicable,3,not_evaluated
ncb-scientific-ba299f6826289883,scientific,psychosis,fMRI-FC,aligned_with_safety_augmentation,not_applicable,3,abstained
ncb-scientific-bace4c130b60ece5,scientific,adhd,fMRI-FC,ambiguous_unresolved,not_applicable,3,not_evaluated
ncb-scientific-bc6d05b49560e9df,scientific,normative_fmri,fMRI-FC,aligned_with_safety_augmentation,not_applicable,3,confirmed
ncb-scientific-bdc24737aa23b682,scientific,adhd,fMRI-FC,aligned_with_safety_augmentation,not_applicable,3,abstained
ncb-scientific-bdd01753f9ebb90c,scientific,adhd,fMRI-FC,aligned,not_applicable,3,abstained
ncb-scientific-be6c2a9394bf0498,scientific,ad_aging,sMRI,ambiguous_unresolved,not_applicable,3,not_evaluated
ncb-scientific-be9238714808b664,scientific,asd,fMRI-FC,aligned_with_safety_augmentation,not_applicable,3,abstained
ncb-scientific-bf6a4a4dabf8357f,scientific,ad_aging,sMRI,aligned_with_safety_augmentation,not_applicable,3,abstained
ncb-scientific-c1112f228bb27f06,scientific,psychosis,fMRI-FC,ambiguous_unresolved,not_applicable,3,not_evaluated
ncb-scientific-c1b8f2bee08cd388,scientific,normative_fmri,fMRI-FC,aligned_with_safety_augmentation,not_applicable,3,abstained
ncb-scientific-c2b02d58d24ba60d,scientific,ad_aging,PET,ambiguous_unresolved,not_applicable,3,not_evaluated
ncb-scientific-c631e745a39a4c34,scientific,asd,fMRI-FC,aligned_with_safety_augmentation,not_applicable,3,abstained
ncb-scientific-c64dac21d8591104,scientific,adhd,fMRI-FC,aligned_with_safety_augmentation,not_applicable,3,abstained
ncb-scientific-c823298f5f12df8a,scientific,asd,fMRI-FC,aligned_with_safety_augmentation,not_applicable,3,abstained
ncb-scientific-c82528795d17b7c6,scientific,normative_fmri,fMRI-FC,aligned,not_applicable,3,abstained
ncb-scientific-c865d685dc0a2c5f,scientific,ad_aging,sMRI,aligned_with_safety_augmentation,not_applicable,3,confirmed
ncb-scientific-c8faa8d62af041ef,scientific,adhd,fMRI-FC,aligned,not_applicable,3,abstained
ncb-scientific-c922885057dbc163,scientific,ad_aging,sMRI,aligned_with_safety_augmentation,not_applicable,3,abstained
ncb-scientific-c9246d08669f6265,scientific,normative_fmri,fMRI-FC,aligned_with_safety_augmentation,not_applicable,3,abstained
ncb-scientific-c98428886dd0f1d9,scientific,asd,fMRI-FC,ambiguous_unresolved,not_applicable,3,not_evaluated
ncb-scientific-caeb5a6d248ba33c,scientific,asd,fMRI-FC,aligned_with_safety_augmentation,not_applicable,3,abstained
ncb-scientific-cb339bf30281cede,scientific,normative_fmri,fMRI-FC,aligned_with_safety_augmentation,not_applicable,3,abstained
ncb-scientific-cc1c11b70cdbc35f,scientific,ad_aging,PET,aligned_with_safety_augmentation,not_applicable,3,abstained
ncb-scientific-ccf76ee04722df94,scientific,adhd,fMRI-FC,aligned_with_safety_augmentation,not_applicable,3,abstained
ncb-scientific-ce5c0063d478e61d,scientific,ad_aging,sMRI,aligned_with_safety_augmentation,not_applicable,3,confirmed
ncb-scientific-ce9b34e85b1510c7,scientific,adhd,fMRI-FC,ambiguous_unresolved,not_applicable,3,not_evaluated
ncb-scientific-cff1d7d2ccfb4083,scientific,adhd,fMRI-FC,aligned_with_safety_augmentation,not_applicable,3,confirmed
ncb-scientific-d0e3c2468afe4539,scientific,normative_fmri,fMRI-FC,aligned_with_safety_augmentation,not_applicable,3,confirmed
ncb-scientific-d37402dd791a12dc,scientific,adhd,fMRI-FC,aligned_with_safety_augmentation,not_applicable,3,abstained
ncb-scientific-d3b9d78a966173c6,scientific,asd,fMRI-FC,aligned_with_safety_augmentation,not_applicable,3,abstained
ncb-scientific-d4c0b42a60357a5d,scientific,psychosis,fMRI-FC,aligned_with_safety_augmentation,not_applicable,3,abstained
ncb-scientific-d6cbeb536d2b0163,scientific,normative_fmri,fMRI-FC,aligned_with_safety_augmentation,not_applicable,3,abstained
ncb-scientific-da6e0b38e7772e80,scientific,normative_fmri,sMRI,ambiguous_unresolved,not_applicable,3,not_evaluated
ncb-scientific-da99887ee1c161f8,scientific,ad_aging,PET,aligned_with_safety_augmentation,not_applicable,3,confirmed
ncb-scientific-dc2d5ad4964bca96,scientific,adhd,other,aligned,not_applicable,3,abstained
ncb-scientific-dc6371e72c01cdcd,scientific,normative_fmri,fMRI-FC,aligned_with_safety_augmentation,not_applicable,3,abstained
ncb-scientific-de1363fa0a54a318,scientific,adhd,fMRI-FC,aligned,not_applicable,3,abstained
ncb-scientific-e035748f4f603bb4,scientific,ad_aging,sMRI,aligned_with_safety_augmentation,not_applicable,3,confirmed
ncb-scientific-e1c33335981addda,scientific,normative_fmri,fMRI-FC,aligned_with_safety_augmentation,not_applicable,3,abstained
ncb-scientific-e313edffc6da7a07,scientific,psychosis,fMRI-FC,aligned,not_applicable,3,abstained
ncb-scientific-e43def8c3b8cb4e9,scientific,psychosis,fMRI-FC,aligned_with_safety_augmentation,not_applicable,3,abstained
ncb-scientific-e59b8563fe5abace,scientific,asd,fMRI-FC,ambiguous_unresolved,not_applicable,3,not_evaluated
ncb-scientific-e59e508b9cc05116,scientific,asd,fMRI-FC,ambiguous_unresolved,not_applicable,3,not_evaluated
ncb-scientific-e5b2412738b16335,scientific,psychosis,fMRI-FC,aligned,not_applicable,3,abstained
ncb-scientific-e5be6d84f8e872b5,scientific,ad_aging,sMRI,ambiguous_unresolved,not_applicable,3,not_evaluated
ncb-scientific-e61ccc72bef4061c,scientific,adhd,fMRI-FC,aligned_with_safety_augmentation,not_applicable,3,confirmed
ncb-scientific-e7c94f56c83e0651,scientific,normative_fmri,fMRI-FC,aligned_with_safety_augmentation,not_applicable,3,abstained
ncb-scientific-e9887ba0003df877,scientific,normative_fmri,fMRI-FC,aligned_with_safety_augmentation,not_applicable,3,abstained
ncb-scientific-ea3fb846fbd7533c,scientific,normative_fmri,fMRI-FC,ambiguous_unresolved,not_applicable,3,not_evaluated
ncb-scientific-eafa675a2857a0cb,scientific,normative_fmri,fMRI-FC,aligned_with_safety_augmentation,not_applicable,3,abstained
ncb-scientific-ebc1946b08c8a231,scientific,normative_fmri,fMRI-FC,ambiguous_unresolved,not_applicable,3,not_evaluated
ncb-scientific-ed8eabb252714493,scientific,psychosis,fMRI-FC,aligned,not_applicable,3,abstained
ncb-scientific-edbf888496455e86,scientific,normative_fmri,fMRI-FC,aligned,not_applicable,3,abstained
ncb-scientific-ee627d7a5d823df0,scientific,normative_fmri,fMRI-FC,aligned_with_safety_augmentation,not_applicable,3,abstained
ncb-scientific-f0173ff72ee52b5e,scientific,psychosis,fMRI-FC,aligned,not_applicable,3,abstained
ncb-scientific-f143dbf87a77594f,scientific,ad_aging,fMRI-FC,aligned_with_safety_augmentation,not_applicable,3,abstained
ncb-scientific-f3636d57e59fc807,scientific,adhd,fMRI-FC,aligned,not_applicable,3,abstained
ncb-scientific-f38be8ab6a8f07ce,scientific,normative_fmri,fMRI-FC,aligned,not_applicable,3,confirmed
ncb-scientific-f38d6fdbc4e79d95,scientific,adhd,fMRI-FC,aligned_with_safety_augmentation,not_applicable,3,abstained
ncb-scientific-f41a8c5978b01125,scientific,asd,fMRI-FC,ambiguous_unresolved,not_applicable,3,not_evaluated
ncb-scientific-f6cf8c122d61317c,scientific,asd,fMRI-FC,aligned_with_safety_augmentation,not_applicable,3,abstained
ncb-scientific-f7956622f7e3eaf8,scientific,ad_aging,fMRI-FC,aligned_with_safety_augmentation,not_applicable,3,abstained
ncb-scientific-f7c3e84a1cb3480d,scientific,adhd,fMRI-FC,ambiguous_unresolved,not_applicable,3,not_evaluated
ncb-scientific-f84fe6980294c120,scientific,normative_fmri,fMRI-FC,aligned_with_safety_augmentation,not_applicable,3,abstained
ncb-scientific-f8671ab0121baaa8,scientific,normative_fmri,fMRI-FC,aligned,not_applicable,3,abstained
ncb-scientific-fa6a1c43897de76e,scientific,normative_fmri,fMRI-FC,ambiguous_unresolved,not_applicable,3,not_evaluated
ncb-scientific-faaaeb165e293001,scientific,normative_fmri,fMRI-FC,ambiguous_unresolved,not_applicable,3,not_evaluated
ncb-scientific-ff4d46696cfed68a,scientific,asd,fMRI-FC,aligned_with_safety_augmentation,not_applicable,3,abstained
